Workbook

Sheet Resumo
A1: RESUMO — POSIÇÃO DE ESTOQUE
A2: Gerado em 02/10/2026, 13:56:55 • Todos os valores são fórmulas ligadas à aba Estoque
A4: 1. VISÃO GERAL
A5: GRUPO | B5: ITENS | C5: SALDO FOCCO | D5: SALDO FULL | E5: RESERVAS | F5: DISPONÍVEL | G5: PESO TOTAL (t) | H5: PESO RESERV. (t) | I5: VALOR ESTOQUE | J5: VALOR RESERVADO | K5: % RESERV.
A6: EM LINHA | B6: =COUNTIF(Estoque!$H$5:$H$789,$A6) | C6: =SUMIF(Estoque!$H$5:$H$789,$A6,Estoque!$J$5:$J$789) | D6: =SUMIF(Estoque!$H$5:$H$789,$A6,Estoque!$K$5:$K$789) | E6: =SUMIF(Estoque!$H$5:$H$789,$A6,Estoque!$L$5:$L$789) | F6: =SUMIF(Estoque!$H$5:$H$789,$A6,Estoque!$M$5:$M$789) | G6: =SUMIF(Estoque!$H$5:$H$789,$A6,Estoque!$O$5:$O$789)/1000 | H6: =SUMIF(Estoque!$H$5:$H$789,$A6,Estoque!$P$5:$P$789)/1000 | I6: =SUMIF(Estoque!$H$5:$H$789,$A6,Estoque!$R$5:$R$789) | J6: =SUMIF(Estoque!$H$5:$H$789,$A6,Estoque!$S$5:$S$789) | K6: =IF(C6=0,0,E6/C6)
A7: FORA DE LINHA | B7: =COUNTIF(Estoque!$H$5:$H$789,$A7) | C7: =SUMIF(Estoque!$H$5:$H$789,$A7,Estoque!$J$5:$J$789) | D7: =SUMIF(Estoque!$H$5:$H$789,$A7,Estoque!$K$5:$K$789) | E7: =SUMIF(Estoque!$H$5:$H$789,$A7,Estoque!$L$5:$L$789) | F7: =SUMIF(Estoque!$H$5:$H$789,$A7,Estoque!$M$5:$M$789) | G7: =SUMIF(Estoque!$H$5:$H$789,$A7,Estoque!$O$5:$O$789)/1000 | H7: =SUMIF(Estoque!$H$5:$H$789,$A7,Estoque!$P$5:$P$789)/1000 | I7: =SUMIF(Estoque!$H$5:$H$789,$A7,Estoque!$R$5:$R$789) | J7: =SUMIF(Estoque!$H$5:$H$789,$A7,Estoque!$S$5:$S$789) | K7: =IF(C7=0,0,E7/C7)
A8: NÃO CADASTRADO | B8: =COUNTIF(Estoque!$H$5:$H$789,$A8) | C8: =SUMIF(Estoque!$H$5:$H$789,$A8,Estoque!$J$5:$J$789) | D8: =SUMIF(Estoque!$H$5:$H$789,$A8,Estoque!$K$5:$K$789) | E8: =SUMIF(Estoque!$H$5:$H$789,$A8,Estoque!$L$5:$L$789) | F8: =SUMIF(Estoque!$H$5:$H$789,$A8,Estoque!$M$5:$M$789) | G8: =SUMIF(Estoque!$H$5:$H$789,$A8,Estoque!$O$5:$O$789)/1000 | H8: =SUMIF(Estoque!$H$5:$H$789,$A8,Estoque!$P$5:$P$789)/1000 | I8: =SUMIF(Estoque!$H$5:$H$789,$A8,Estoque!$R$5:$R$789) | J8: =SUMIF(Estoque!$H$5:$H$789,$A8,Estoque!$S$5:$S$789) | K8: =IF(C8=0,0,E8/C8)
A9: TOTAL | B9: =SUM(B6:B8) | C9: =SUM(C6:C8) | D9: =SUM(D6:D8) | E9: =SUM(E6:E8) | F9: =SUM(F6:F8) | G9: =SUM(G6:G8) | H9: =SUM(H6:H8) | I9: =SUM(I6:I8) | J9: =SUM(J6:J8) | K9: =IF(C9=0,0,E9/C9)
A12: 2. FORA DE LINHA POR ORIGEM
A13: GRUPO | B13: ITENS | C13: SALDO FOCCO | D13: SALDO FULL | E13: RESERVAS | F13: DISPONÍVEL | G13: PESO TOTAL (t) | H13: PESO RESERV. (t) | I13: VALOR ESTOQUE | J13: VALOR RESERVADO | K13: % RESERV.
A14: SO GERSON | B14: =COUNTIF(Estoque!$I$5:$I$789,$A14) | C14: =SUMIF(Estoque!$I$5:$I$789,$A14,Estoque!$J$5:$J$789) | D14: =SUMIF(Estoque!$I$5:$I$789,$A14,Estoque!$K$5:$K$789) | E14: =SUMIF(Estoque!$I$5:$I$789,$A14,Estoque!$L$5:$L$789) | F14: =SUMIF(Estoque!$I$5:$I$789,$A14,Estoque!$M$5:$M$789) | G14: =SUMIF(Estoque!$I$5:$I$789,$A14,Estoque!$O$5:$O$789)/1000 | H14: =SUMIF(Estoque!$I$5:$I$789,$A14,Estoque!$P$5:$P$789)/1000 | I14: =SUMIF(Estoque!$I$5:$I$789,$A14,Estoque!$R$5:$R$789) | J14: =SUMIF(Estoque!$I$5:$I$789,$A14,Estoque!$S$5:$S$789) | K14: =IF(C14=0,0,E14/C14)
A15: SO ELIANE | B15: =COUNTIF(Estoque!$I$5:$I$789,$A15) | C15: =SUMIF(Estoque!$I$5:$I$789,$A15,Estoque!$J$5:$J$789) | D15: =SUMIF(Estoque!$I$5:$I$789,$A15,Estoque!$K$5:$K$789) | E15: =SUMIF(Estoque!$I$5:$I$789,$A15,Estoque!$L$5:$L$789) | F15: =SUMIF(Estoque!$I$5:$I$789,$A15,Estoque!$M$5:$M$789) | G15: =SUMIF(Estoque!$I$5:$I$789,$A15,Estoque!$O$5:$O$789)/1000 | H15: =SUMIF(Estoque!$I$5:$I$789,$A15,Estoque!$P$5:$P$789)/1000 | I15: =SUMIF(Estoque!$I$5:$I$789,$A15,Estoque!$R$5:$R$789) | J15: =SUMIF(Estoque!$I$5:$I$789,$A15,Estoque!$S$5:$S$789) | K15: =IF(C15=0,0,E15/C15)
A16: EM AMBAS | B16: =COUNTIF(Estoque!$I$5:$I$789,$A16) | C16: =SUMIF(Estoque!$I$5:$I$789,$A16,Estoque!$J$5:$J$789) | D16: =SUMIF(Estoque!$I$5:$I$789,$A16,Estoque!$K$5:$K$789) | E16: =SUMIF(Estoque!$I$5:$I$789,$A16,Estoque!$L$5:$L$789) | F16: =SUMIF(Estoque!$I$5:$I$789,$A16,Estoque!$M$5:$M$789) | G16: =SUMIF(Estoque!$I$5:$I$789,$A16,Estoque!$O$5:$O$789)/1000 | H16: =SUMIF(Estoque!$I$5:$I$789,$A16,Estoque!$P$5:$P$789)/1000 | I16: =SUMIF(Estoque!$I$5:$I$789,$A16,Estoque!$R$5:$R$789) | J16: =SUMIF(Estoque!$I$5:$I$789,$A16,Estoque!$S$5:$S$789) | K16: =IF(C16=0,0,E16/C16)
A17: TOTAL | B17: =SUM(B14:B16) | C17: =SUM(C14:C16) | D17: =SUM(D14:D16) | E17: =SUM(E14:E16) | F17: =SUM(F14:F16) | G17: =SUM(G14:G16) | H17: =SUM(H14:H16) | I17: =SUM(I14:I16) | J17: =SUM(J14:J16) | K17: =IF(C17=0,0,E17/C17)
A20: 3. POR CATEGORIA
A21: GRUPO | B21: ITENS | C21: SALDO FOCCO | D21: SALDO FULL | E21: RESERVAS | F21: DISPONÍVEL | G21: PESO TOTAL (t) | H21: PESO RESERV. (t) | I21: VALOR ESTOQUE | J21: VALOR RESERVADO | K21: % RESERV.
A22: EMBALAGEM JOGO DE PES | B22: =COUNTIF(Estoque!$F$5:$F$789,$A22) | C22: =SUMIF(Estoque!$F$5:$F$789,$A22,Estoque!$J$5:$J$789) | D22: =SUMIF(Estoque!$F$5:$F$789,$A22,Estoque!$K$5:$K$789) | E22: =SUMIF(Estoque!$F$5:$F$789,$A22,Estoque!$L$5:$L$789) | F22: =SUMIF(Estoque!$F$5:$F$789,$A22,Estoque!$M$5:$M$789) | G22: =SUMIF(Estoque!$F$5:$F$789,$A22,Estoque!$O$5:$O$789)/1000 | H22: =SUMIF(Estoque!$F$5:$F$789,$A22,Estoque!$P$5:$P$789)/1000 | I22: =SUMIF(Estoque!$F$5:$F$789,$A22,Estoque!$R$5:$R$789) | J22: =SUMIF(Estoque!$F$5:$F$789,$A22,Estoque!$S$5:$S$789) | K22: =IF(C22=0,0,E22/C22)
A23: UNIDADE DE COMPLEMENTOS | B23: =COUNTIF(Estoque!$F$5:$F$789,$A23) | C23: =SUMIF(Estoque!$F$5:$F$789,$A23,Estoque!$J$5:$J$789) | D23: =SUMIF(Estoque!$F$5:$F$789,$A23,Estoque!$K$5:$K$789) | E23: =SUMIF(Estoque!$F$5:$F$789,$A23,Estoque!$L$5:$L$789) | F23: =SUMIF(Estoque!$F$5:$F$789,$A23,Estoque!$M$5:$M$789) | G23: =SUMIF(Estoque!$F$5:$F$789,$A23,Estoque!$O$5:$O$789)/1000 | H23: =SUMIF(Estoque!$F$5:$F$789,$A23,Estoque!$P$5:$P$789)/1000 | I23: =SUMIF(Estoque!$F$5:$F$789,$A23,Estoque!$R$5:$R$789) | J23: =SUMIF(Estoque!$F$5:$F$789,$A23,Estoque!$S$5:$S$789) | K23: =IF(C23=0,0,E23/C23)
A24: UNIDADE DE SALAS | B24: =COUNTIF(Estoque!$F$5:$F$789,$A24) | C24: =SUMIF(Estoque!$F$5:$F$789,$A24,Estoque!$J$5:$J$789) | D24: =SUMIF(Estoque!$F$5:$F$789,$A24,Estoque!$K$5:$K$789) | E24: =SUMIF(Estoque!$F$5:$F$789,$A24,Estoque!$L$5:$L$789) | F24: =SUMIF(Estoque!$F$5:$F$789,$A24,Estoque!$M$5:$M$789) | G24: =SUMIF(Estoque!$F$5:$F$789,$A24,Estoque!$O$5:$O$789)/1000 | H24: =SUMIF(Estoque!$F$5:$F$789,$A24,Estoque!$P$5:$P$789)/1000 | I24: =SUMIF(Estoque!$F$5:$F$789,$A24,Estoque!$R$5:$R$789) | J24: =SUMIF(Estoque!$F$5:$F$789,$A24,Estoque!$S$5:$S$789) | K24: =IF(C24=0,0,E24/C24)
A25: UNIDADE GUARDA ROUPAS | B25: =COUNTIF(Estoque!$F$5:$F$789,$A25) | C25: =SUMIF(Estoque!$F$5:$F$789,$A25,Estoque!$J$5:$J$789) | D25: =SUMIF(Estoque!$F$5:$F$789,$A25,Estoque!$K$5:$K$789) | E25: =SUMIF(Estoque!$F$5:$F$789,$A25,Estoque!$L$5:$L$789) | F25: =SUMIF(Estoque!$F$5:$F$789,$A25,Estoque!$M$5:$M$789) | G25: =SUMIF(Estoque!$F$5:$F$789,$A25,Estoque!$O$5:$O$789)/1000 | H25: =SUMIF(Estoque!$F$5:$F$789,$A25,Estoque!$P$5:$P$789)/1000 | I25: =SUMIF(Estoque!$F$5:$F$789,$A25,Estoque!$R$5:$R$789) | J25: =SUMIF(Estoque!$F$5:$F$789,$A25,Estoque!$S$5:$S$789) | K25: =IF(C25=0,0,E25/C25)
A26: VIDRO/ESPELHO | B26: =COUNTIF(Estoque!$F$5:$F$789,$A26) | C26: =SUMIF(Estoque!$F$5:$F$789,$A26,Estoque!$J$5:$J$789) | D26: =SUMIF(Estoque!$F$5:$F$789,$A26,Estoque!$K$5:$K$789) | E26: =SUMIF(Estoque!$F$5:$F$789,$A26,Estoque!$L$5:$L$789) | F26: =SUMIF(Estoque!$F$5:$F$789,$A26,Estoque!$M$5:$M$789) | G26: =SUMIF(Estoque!$F$5:$F$789,$A26,Estoque!$O$5:$O$789)/1000 | H26: =SUMIF(Estoque!$F$5:$F$789,$A26,Estoque!$P$5:$P$789)/1000 | I26: =SUMIF(Estoque!$F$5:$F$789,$A26,Estoque!$R$5:$R$789) | J26: =SUMIF(Estoque!$F$5:$F$789,$A26,Estoque!$S$5:$S$789) | K26: =IF(C26=0,0,E26/C26)
A27: TOTAL | B27: =SUM(B22:B26) | C27: =SUM(C22:C26) | D27: =SUM(D22:D26) | E27: =SUM(E22:E26) | F27: =SUM(F22:F26) | G27: =SUM(G22:G26) | H27: =SUM(H22:H26) | I27: =SUM(I22:I26) | J27: =SUM(J22:J26) | K27: =IF(C27=0,0,E27/C27)
A30: Legenda: azul = dado importado • verde = buscado em outra aba • preto = cálculo

Sheet Estoque
A1: POSIÇÃO DE ESTOQUE — EM LINHA x FORA DE LINHA
A2: Base: Estoque Focco (785 itens) • Gerado em 02/10/2026, 13:56:55 • Totais da linha 3 respeitam filtros
B3: =SUBTOTAL(103,B5:B789) | C3: TOTAL (FILTRADO) | J3: =SUBTOTAL(109,J5:J789) | K3: =SUBTOTAL(109,K5:K789) | L3: =SUBTOTAL(109,L5:L789) | M3: =SUBTOTAL(109,M5:M789) | O3: =SUBTOTAL(109,O5:O789) | P3: =SUBTOTAL(109,P5:P789) | R3: =SUBTOTAL(109,R5:R789) | S3: =SUBTOTAL(109,S5:S789) | T3: =IF(J3=0,0,L3/J3) | W3: =SUBTOTAL(109,W5:W789) | X3: =SUBTOTAL(109,X5:X789)
A4: CHAVE | B4: ITEM | C4: DESCRIÇÃO | D4: MÁSCARA (COR) | E4: REF. TEK | F4: CATEGORIA | G4: CLASSIF. N2 | H4: SITUAÇÃO | I4: ORIGEM | J4: SALDO FOCCO | K4: SALDO FULL | L4: RESERVAS | M4: DISPONÍVEL | N4: PESO UN. (kg) | O4: PESO TOTAL (kg) | P4: PESO RESERV. (kg) | Q4: CUSTO MÉDIO | R4: VALOR ESTOQUE | S4: VALOR RESERVADO | T4: % RESERV. | U4: PALETE (FORRO) | V4: UND / PALETE | W4: QTD PALETES | X4: PALETES DISP.
A5: =B5&"."&IFERROR(MID(D5,FIND("(",D5)+1,FIND(")",D5)-FIND("(",D5)-1),"") -> 84911.31290 | B5: 84911 | C5: VOL CX PAINEL CAMA CASAL 1,40 LOOP 2025 1,535X0,730X0,117 | D5: (31290)FRASSINO#CORANO BEGE | E5: 96437 | F5: UNIDADE DE COMPLEMENTOS | G5: VOLUME | H5: =IFERROR(INDEX(Linha!$B$5:$B$788,MATCH(A5,Linha!$A$5:$A$788,0)),"NÃO CADASTRADO") | I5: =IFERROR(INDEX(Linha!$C$5:$C$788,MATCH(A5,Linha!$A$5:$A$788,0)),"-") | J5: 0 | K5: =IFERROR(INDEX(Linha!$D$5:$D$788,MATCH(A5,Linha!$A$5:$A$788,0))*1,0) | L5: =SUMIFS(Reservas!$K$5:$K$3669,Reservas!$A$5:$A$3669,A5) | M5: =J5-L5 | N5: 34.222 | O5: =J5*N5 | P5: =L5*N5 | Q5: 137.8332 | R5: =J5*Q5 | S5: =L5*Q5 | T5: =IF(J5=0,0,L5/J5) | U5: =IFERROR(INDEX(Paletes!$C$5:$C$393,MATCH(B5,Paletes!$A$5:$A$393,0)),"SEM CADASTRO") | V5: =IFERROR(INDEX(Paletes!$D$5:$D$393,MATCH(B5,Paletes!$A$5:$A$393,0)),0) | W5: =IF(V5=0,0,J5/V5) | X5: =IF(V5=0,0,MAX(M5,0)/V5)
A6: =B6&"."&IFERROR(MID(D6,FIND("(",D6)+1,FIND(")",D6)-FIND("(",D6)-1),"") -> 84901.31285 | B6: 84901 | C6: VOL CX BARRA CAMA CASAL 1,40 LOOP/LEDER 2025 2,018X0,357X0,105 | D6: (31285)FRASSINO | E6: 96436 | F6: UNIDADE DE COMPLEMENTOS | G6: VOLUME | H6: =IFERROR(INDEX(Linha!$B$5:$B$788,MATCH(A6,Linha!$A$5:$A$788,0)),"NÃO CADASTRADO") | I6: =IFERROR(INDEX(Linha!$C$5:$C$788,MATCH(A6,Linha!$A$5:$A$788,0)),"-") | J6: 78 | K6: =IFERROR(INDEX(Linha!$D$5:$D$788,MATCH(A6,Linha!$A$5:$A$788,0))*1,0) | L6: =SUMIFS(Reservas!$K$5:$K$3669,Reservas!$A$5:$A$3669,A6) | M6: =J6-L6 | N6: 36.66 | O6: =J6*N6 | P6: =L6*N6 | Q6: 158.90195 | R6: =J6*Q6 | S6: =L6*Q6 | T6: =IF(J6=0,0,L6/J6) | U6: =IFERROR(INDEX(Paletes!$C$5:$C$393,MATCH(B6,Paletes!$A$5:$A$393,0)),"SEM CADASTRO") | V6: =IFERROR(INDEX(Paletes!$D$5:$D$393,MATCH(B6,Paletes!$A$5:$A$393,0)),0) | W6: =IF(V6=0,0,J6/V6) | X6: =IF(V6=0,0,MAX(M6,0)/V6)
A7: =B7&"."&IFERROR(MID(D7,FIND("(",D7)+1,FIND(")",D7)-FIND("(",D7)-1),"") -> 84966.89604 | B7: 84966 | C7: VOL CX LAT/GAV COMODA LOOP 2025 EXP 0,880X0,495X0,197 | D7: (89604)AMENDOA CLEAN#C/LOGO | E7: 97476 | F7: UNIDADE DE COMPLEMENTOS | G7: VOLUME | H7: =IFERROR(INDEX(Linha!$B$5:$B$788,MATCH(A7,Linha!$A$5:$A$788,0)),"NÃO CADASTRADO") | I7: =IFERROR(INDEX(Linha!$C$5:$C$788,MATCH(A7,Linha!$A$5:$A$788,0)),"-") | J7: 6 | K7: =IFERROR(INDEX(Linha!$D$5:$D$788,MATCH(A7,Linha!$A$5:$A$788,0))*1,0) | L7: =SUMIFS(Reservas!$K$5:$K$3669,Reservas!$A$5:$A$3669,A7) | M7: =J7-L7 | N7: 35.1 | O7: =J7*N7 | P7: =L7*N7 | Q7: 188.8043 | R7: =J7*Q7 | S7: =L7*Q7 | T7: =IF(J7=0,0,L7/J7) | U7: =IFERROR(INDEX(Paletes!$C$5:$C$393,MATCH(B7,Paletes!$A$5:$A$393,0)),"SEM CADASTRO") | V7: =IFERROR(INDEX(Paletes!$D$5:$D$393,MATCH(B7,Paletes!$A$5:$A$393,0)),0) | W7: =IF(V7=0,0,J7/V7) | X7: =IF(V7=0,0,MAX(M7,0)/V7)
A8: =B8&"."&IFERROR(MID(D8,FIND("(",D8)+1,FIND(")",D8)-FIND("(",D8)-1),"") -> 86324.69485 | B8: 86324 | C8: VOL CX GR 2PTS QUADRIX/PAMPULHA 1 PORTA MDF 2,190X0,750X0,055 | D8: (69485)FRASSINO/OFF WHITE | E8: 100435 | F8: UNIDADE GUARDA ROUPAS | G8: VOLUME | H8: =IFERROR(INDEX(Linha!$B$5:$B$788,MATCH(A8,Linha!$A$5:$A$788,0)),"NÃO CADASTRADO") | I8: =IFERROR(INDEX(Linha!$C$5:$C$788,MATCH(A8,Linha!$A$5:$A$788,0)),"-") | J8: 0 | K8: =IFERROR(INDEX(Linha!$D$5:$D$788,MATCH(A8,Linha!$A$5:$A$788,0))*1,0) | L8: =SUMIFS(Reservas!$K$5:$K$3669,Reservas!$A$5:$A$3669,A8) | M8: =J8-L8 | N8: 15.161 | O8: =J8*N8 | P8: =L8*N8 | Q8: 76.736099 | R8: =J8*Q8 | S8: =L8*Q8 | T8: =IF(J8=0,0,L8/J8) | U8: =IFERROR(INDEX(Paletes!$C$5:$C$393,MATCH(B8,Paletes!$A$5:$A$393,0)),"SEM CADASTRO") | V8: =IFERROR(INDEX(Paletes!$D$5:$D$393,MATCH(B8,Paletes!$A$5:$A$393,0)),0) | W8: =IF(V8=0,0,J8/V8) | X8: =IF(V8=0,0,MAX(M8,0)/V8)
A9: =B9&"."&IFERROR(MID(D9,FIND("(",D9)+1,FIND(")",D9)-FIND("(",D9)-1),"") -> 102.12218 | B9: 102 | C9: VOL CX GR 6 PTS ZEUS PLUS PTS/COSTAS 1,950X0,600X0,067 | D9: (12218)AMENDOA CLEAN | E9: 39131 | F9: UNIDADE GUARDA ROUPAS | G9: VOLUME | H9: =IFERROR(INDEX(Linha!$B$5:$B$788,MATCH(A9,Linha!$A$5:$A$788,0)),"NÃO CADASTRADO") | I9: =IFERROR(INDEX(Linha!$C$5:$C$788,MATCH(A9,Linha!$A$5:$A$788,0)),"-") | J9: 428 | K9: =IFERROR(INDEX(Linha!$D$5:$D$788,MATCH(A9,Linha!$A$5:$A$788,0))*1,0) | L9: =SUMIFS(Reservas!$K$5:$K$3669,Reservas!$A$5:$A$3669,A9) | M9: =J9-L9 | N9: 38.61 | O9: =J9*N9 | P9: =L9*N9 | Q9: 133.16089 | R9: =J9*Q9 | S9: =L9*Q9 | T9: =IF(J9=0,0,L9/J9) | U9: =IFERROR(INDEX(Paletes!$C$5:$C$393,MATCH(B9,Paletes!$A$5:$A$393,0)),"SEM CADASTRO") | V9: =IFERROR(INDEX(Paletes!$D$5:$D$393,MATCH(B9,Paletes!$A$5:$A$393,0)),0) | W9: =IF(V9=0,0,J9/V9) | X9: =IF(V9=0,0,MAX(M9,0)/V9)
A10: =B10&"."&IFERROR(MID(D10,FIND("(",D10)+1,FIND(")",D10)-FIND("(",D10)-1),"") -> 102.64910 | B10: 102 | C10: VOL CX GR 6 PTS ZEUS PLUS PTS/COSTAS 1,950X0,600X0,067 | D10: (64910)IMBUIA CLEAN | E10: 39131 | F10: UNIDADE GUARDA ROUPAS | G10: VOLUME | H10: =IFERROR(INDEX(Linha!$B$5:$B$788,MATCH(A10,Linha!$A$5:$A$788,0)),"NÃO CADASTRADO") | I10: =IFERROR(INDEX(Linha!$C$5:$C$788,MATCH(A10,Linha!$A$5:$A$788,0)),"-") | J10: 1 | K10: =IFERROR(INDEX(Linha!$D$5:$D$788,MATCH(A10,Linha!$A$5:$A$788,0))*1,0) | L10: =SUMIFS(Reservas!$K$5:$K$3669,Reservas!$A$5:$A$3669,A10) | M10: =J10-L10 | N10: 38.61 | O10: =J10*N10 | P10: =L10*N10 | Q10: 126.2401 | R10: =J10*Q10 | S10: =L10*Q10 | T10: =IF(J10=0,0,L10/J10) | U10: =IFERROR(INDEX(Paletes!$C$5:$C$393,MATCH(B10,Paletes!$A$5:$A$393,0)),"SEM CADASTRO") | V10: =IFERROR(INDEX(Paletes!$D$5:$D$393,MATCH(B10,Paletes!$A$5:$A$393,0)),0) | W10: =IF(V10=0,0,J10/V10) | X10: =IF(V10=0,0,MAX(M10,0)/V10)
A11: =B11&"."&IFERROR(MID(D11,FIND("(",D11)+1,FIND(")",D11)-FIND("(",D11)-1),"") -> 2163.15691 | B11: 2163 | C11: VOL CX PES ATHENAS CASAL PLUS 1,625X0,200X0,100 | D11: (15691)AMENDOA CLEAN | E11: 40580 | F11: UNIDADE DE COMPLEMENTOS | G11: VOLUME | H11: =IFERROR(INDEX(Linha!$B$5:$B$788,MATCH(A11,Linha!$A$5:$A$788,0)),"NÃO CADASTRADO") | I11: =IFERROR(INDEX(Linha!$C$5:$C$788,MATCH(A11,Linha!$A$5:$A$788,0)),"-") | J11: 771 | K11: =IFERROR(INDEX(Linha!$D$5:$D$788,MATCH(A11,Linha!$A$5:$A$788,0))*1,0) | L11: =SUMIFS(Reservas!$K$5:$K$3669,Reservas!$A$5:$A$3669,A11) | M11: =J11-L11 | N11: 17.94 | O11: =J11*N11 | P11: =L11*N11 | Q11: 81.747218 | R11: =J11*Q11 | S11: =L11*Q11 | T11: =IF(J11=0,0,L11/J11) | U11: =IFERROR(INDEX(Paletes!$C$5:$C$393,MATCH(B11,Paletes!$A$5:$A$393,0)),"SEM CADASTRO") | V11: =IFERROR(INDEX(Paletes!$D$5:$D$393,MATCH(B11,Paletes!$A$5:$A$393,0)),0) | W11: =IF(V11=0,0,J11/V11) | X11: =IF(V11=0,0,MAX(M11,0)/V11)
A12: =B12&"."&IFERROR(MID(D12,FIND("(",D12)+1,FIND(")",D12)-FIND("(",D12)-1),"") -> 73145.23982 | B12: 73145 | C12: VOL CX PES ATHENAS SOLT 0,90 PLUS 1,210X0,275X0,100 | D12: (23982)FRASSINO | E12: 40598 | F12: UNIDADE DE COMPLEMENTOS | G12: VOLUME | H12: =IFERROR(INDEX(Linha!$B$5:$B$788,MATCH(A12,Linha!$A$5:$A$788,0)),"NÃO CADASTRADO") | I12: =IFERROR(INDEX(Linha!$C$5:$C$788,MATCH(A12,Linha!$A$5:$A$788,0)),"-") | J12: 21 | K12: =IFERROR(INDEX(Linha!$D$5:$D$788,MATCH(A12,Linha!$A$5:$A$788,0))*1,0) | L12: =SUMIFS(Reservas!$K$5:$K$3669,Reservas!$A$5:$A$3669,A12) | M12: =J12-L12 | N12: 17.16 | O12: =J12*N12 | P12: =L12*N12 | Q12: 84.92713 | R12: =J12*Q12 | S12: =L12*Q12 | T12: =IF(J12=0,0,L12/J12) | U12: =IFERROR(INDEX(Paletes!$C$5:$C$393,MATCH(B12,Paletes!$A$5:$A$393,0)),"SEM CADASTRO") | V12: =IFERROR(INDEX(Paletes!$D$5:$D$393,MATCH(B12,Paletes!$A$5:$A$393,0)),0) | W12: =IF(V12=0,0,J12/V12) | X12: =IF(V12=0,0,MAX(M12,0)/V12)
A13: =B13&"."&IFERROR(MID(D13,FIND("(",D13)+1,FIND(")",D13)-FIND("(",D13)-1),"") -> 156.15497 | B13: 156 | C13: VOL CX MESA DE CABECEIRA C/03 GAV MAGGIORE NEW 0,700X0,390X0,171 | D13: (15497)AMENDOA CLEAN/OFF WH | E13: 41606 | F13: UNIDADE DE COMPLEMENTOS | G13: VOLUME | H13: =IFERROR(INDEX(Linha!$B$5:$B$788,MATCH(A13,Linha!$A$5:$A$788,0)),"NÃO CADASTRADO") | I13: =IFERROR(INDEX(Linha!$C$5:$C$788,MATCH(A13,Linha!$A$5:$A$788,0)),"-") | J13: 185 | K13: =IFERROR(INDEX(Linha!$D$5:$D$788,MATCH(A13,Linha!$A$5:$A$788,0))*1,0) | L13: =SUMIFS(Reservas!$K$5:$K$3669,Reservas!$A$5:$A$3669,A13) | M13: =J13-L13 | N13: 17.843 | O13: =J13*N13 | P13: =L13*N13 | Q13: 105.43377 | R13: =J13*Q13 | S13: =L13*Q13 | T13: =IF(J13=0,0,L13/J13) | U13: =IFERROR(INDEX(Paletes!$C$5:$C$393,MATCH(B13,Paletes!$A$5:$A$393,0)),"SEM CADASTRO") | V13: =IFERROR(INDEX(Paletes!$D$5:$D$393,MATCH(B13,Paletes!$A$5:$A$393,0)),0) | W13: =IF(V13=0,0,J13/V13) | X13: =IF(V13=0,0,MAX(M13,0)/V13)
A14: =B14&"."&IFERROR(MID(D14,FIND("(",D14)+1,FIND(")",D14)-FIND("(",D14)-1),"") -> 156.15500 | B14: 156 | C14: VOL CX MESA DE CABECEIRA C/03 GAV MAGGIORE NEW 0,700X0,390X0,171 | D14: (15500)FRASSINO/OFF WHITE | E14: 41606 | F14: UNIDADE DE COMPLEMENTOS | G14: VOLUME | H14: =IFERROR(INDEX(Linha!$B$5:$B$788,MATCH(A14,Linha!$A$5:$A$788,0)),"NÃO CADASTRADO") | I14: =IFERROR(INDEX(Linha!$C$5:$C$788,MATCH(A14,Linha!$A$5:$A$788,0)),"-") | J14: 29 | K14: =IFERROR(INDEX(Linha!$D$5:$D$788,MATCH(A14,Linha!$A$5:$A$788,0))*1,0) | L14: =SUMIFS(Reservas!$K$5:$K$3669,Reservas!$A$5:$A$3669,A14) | M14: =J14-L14 | N14: 17.843 | O14: =J14*N14 | P14: =L14*N14 | Q14: 76.317226 | R14: =J14*Q14 | S14: =L14*Q14 | T14: =IF(J14=0,0,L14/J14) | U14: =IFERROR(INDEX(Paletes!$C$5:$C$393,MATCH(B14,Paletes!$A$5:$A$393,0)),"SEM CADASTRO") | V14: =IFERROR(INDEX(Paletes!$D$5:$D$393,MATCH(B14,Paletes!$A$5:$A$393,0)),0) | W14: =IF(V14=0,0,J14/V14) | X14: =IF(V14=0,0,MAX(M14,0)/V14)
A15: =B15&"."&IFERROR(MID(D15,FIND("(",D15)+1,FIND(")",D15)-FIND("(",D15)-1),"") -> 73282.15764 | B15: 73282 | C15: VOL CX TAMPO COMODA 8GAV URBAN 2019 1,588X0,495X0,110 | D15: (15764)AMENDOA CLEAN | E15: 45137 | F15: UNIDADE DE COMPLEMENTOS | G15: VOLUME | H15: =IFERROR(INDEX(Linha!$B$5:$B$788,MATCH(A15,Linha!$A$5:$A$788,0)),"NÃO CADASTRADO") | I15: =IFERROR(INDEX(Linha!$C$5:$C$788,MATCH(A15,Linha!$A$5:$A$788,0)),"-") | J15: 332 | K15: =IFERROR(INDEX(Linha!$D$5:$D$788,MATCH(A15,Linha!$A$5:$A$788,0))*1,0) | L15: =SUMIFS(Reservas!$K$5:$K$3669,Reservas!$A$5:$A$3669,A15) | M15: =J15-L15 | N15: 41.05 | O15: =J15*N15 | P15: =L15*N15 | Q15: 197.2947 | R15: =J15*Q15 | S15: =L15*Q15 | T15: =IF(J15=0,0,L15/J15) | U15: =IFERROR(INDEX(Paletes!$C$5:$C$393,MATCH(B15,Paletes!$A$5:$A$393,0)),"SEM CADASTRO") | V15: =IFERROR(INDEX(Paletes!$D$5:$D$393,MATCH(B15,Paletes!$A$5:$A$393,0)),0) | W15: =IF(V15=0,0,J15/V15) | X15: =IF(V15=0,0,MAX(M15,0)/V15)
A16: =B16&"."&IFERROR(MID(D16,FIND("(",D16)+1,FIND(")",D16)-FIND("(",D16)-1),"") -> 73283.15562 | B16: 73283 | C16: VOL CX LATERAL COMODA 8GAV URBAN 2019 1,010X0,470X0,155 | D16: (15562)BRANCO | E16: 45138 | F16: UNIDADE DE COMPLEMENTOS | G16: VOLUME | H16: =IFERROR(INDEX(Linha!$B$5:$B$788,MATCH(A16,Linha!$A$5:$A$788,0)),"NÃO CADASTRADO") | I16: =IFERROR(INDEX(Linha!$C$5:$C$788,MATCH(A16,Linha!$A$5:$A$788,0)),"-") | J16: 306 | K16: =IFERROR(INDEX(Linha!$D$5:$D$788,MATCH(A16,Linha!$A$5:$A$788,0))*1,0) | L16: =SUMIFS(Reservas!$K$5:$K$3669,Reservas!$A$5:$A$3669,A16) | M16: =J16-L16 | N16: 30.95 | O16: =J16*N16 | P16: =L16*N16 | Q16: 138.36487 | R16: =J16*Q16 | S16: =L16*Q16 | T16: =IF(J16=0,0,L16/J16) | U16: =IFERROR(INDEX(Paletes!$C$5:$C$393,MATCH(B16,Paletes!$A$5:$A$393,0)),"SEM CADASTRO") | V16: =IFERROR(INDEX(Paletes!$D$5:$D$393,MATCH(B16,Paletes!$A$5:$A$393,0)),0) | W16: =IF(V16=0,0,J16/V16) | X16: =IF(V16=0,0,MAX(M16,0)/V16)
... A25: =B25&"."&IFERROR(MID(D25,FIND("(",D25)+1,FIND(")",D25)-FIND("(",D25)-1),"") -> 73550.16661 | B25: 73550 | C25: VOL CX ASSENTO/ENCOSTO CAD VENUS 2.3 C/2 | D25: (16661)LINHO CINZA CLARO | E25: 66401 | F25: UNIDADE DE SALAS | G25: VOLUME | H25: =IFERROR(INDEX(Linha!$B$5:$B$788,MATCH(A25,Linha!$A$5:$A$788,0)),"NÃO CADASTRADO") | I25: =IFERROR(INDEX(Linha!$C$5:$C$788,MATCH(A25,Linha!$A$5:$A$788,0)),"-") | J25: 0 | K25: =IFERROR(INDEX(Linha!$D$5:$D$788,MATCH(A25,Linha!$A$5:$A$788,0))*1,0) | L25: =SUMIFS(Reservas!$K$5:$K$3669,Reservas!$A$5:$A$3669,A25) | M25: =J25-L25 | N25: 11.358 | O25: =J25*N25 | P25: =L25*N25 | Q25: 92.955305 | R25: =J25*Q25 | S25: =L25*Q25 | T25: =IF(J25=0,0,L25/J25) | U25: =IFERROR(INDEX(Paletes!$C$5:$C$393,MATCH(B25,Paletes!$A$5:$A$393,0)),"SEM CADASTRO") | V25: =IFERROR(INDEX(Paletes!$D$5:$D$393,MATCH(B25,Paletes!$A$5:$A$393,0)),0) | W25: =IF(V25=0,0,J25/V25) | X25: =IF(V25=0,0,MAX(M25,0)/V25)
A26: =B26&"."&IFERROR(MID(D26,FIND("(",D26)+1,FIND(")",D26)-FIND("(",D26)-1),"") -> 95040.99258 | B26: 95040 | C26: VOL CX CADEIRA LAINI C/06 0,545X0,435X0,183 | D26: (99258)AMENDOA CLEAN | F26: UNIDADE DE SALAS | G26: VOLUME | H26: =IFERROR(INDEX(Linha!$B$5:$B$788,MATCH(A26,Linha!$A$5:$A$788,0)),"NÃO CADASTRADO") | I26: =IFERROR(INDEX(Linha!$C$5:$C$788,MATCH(A26,Linha!$A$5:$A$788,0)),"-") | J26: 0 | K26: =IFERROR(INDEX(Linha!$D$5:$D$788,MATCH(A26,Linha!$A$5:$A$788,0))*1,0) | L26: =SUMIFS(Reservas!$K$5:$K$3669,Reservas!$A$5:$A$3669,A26) | M26: =J26-L26 | N26: 20.962 | O26: =J26*N26 | P26: =L26*N26 | Q26: 112.36227 | R26: =J26*Q26 | S26: =L26*Q26 | T26: =IF(J26=0,0,L26/J26) | U26: =IFERROR(INDEX(Paletes!$C$5:$C$393,MATCH(B26,Paletes!$A$5:$A$393,0)),"SEM CADASTRO") | V26: =IFERROR(INDEX(Paletes!$D$5:$D$393,MATCH(B26,Paletes!$A$5:$A$393,0)),0) | W26: =IF(V26=0,0,J26/V26) | X26: =IF(V26=0,0,MAX(M26,0)/V26)
A27: =B27&"."&IFERROR(MID(D27,FIND("(",D27)+1,FIND(")",D27)-FIND("(",D27)-1),"") -> 86204.69459 | B27: 86204 | C27: VOL CX GR 2PTS QUADRIX/PAMPULHA TAMPO/MOLD 1,590X0,535X0,097 | D27: (69459)FRASSINO/OFF WHITE | E27: 99703 | F27: UNIDADE GUARDA ROUPAS | G27: VOLUME | H27: =IFERROR(INDEX(Linha!$B$5:$B$788,MATCH(A27,Linha!$A$5:$A$788,0)),"NÃO CADASTRADO") | I27: =IFERROR(INDEX(Linha!$C$5:$C$788,MATCH(A27,Linha!$A$5:$A$788,0)),"-") | J27: 25 | K27: =IFERROR(INDEX(Linha!$D$5:$D$788,MATCH(A27,Linha!$A$5:$A$788,0))*1,0) | L27: =SUMIFS(Reservas!$K$5:$K$3669,Reservas!$A$5:$A$3669,A27) | M27: =J27-L27 | N27: 30.663 | O27: =J27*N27 | P27: =L27*N27 | Q27: 147.00523 | R27: =J27*Q27 | S27: =L27*Q27 | T27: =IF(J27=0,0,L27/J27) | U27: =IFERROR(INDEX(Paletes!$C$5:$C$393,MATCH(B27,Paletes!$A$5:$A$393,0)),"SEM CADASTRO") | V27: =IFERROR(INDEX(Paletes!$D$5:$D$393,MATCH(B27,Paletes!$A$5:$A$393,0)),0) | W27: =IF(V27=0,0,J27/V27) | X27: =IF(V27=0,0,MAX(M27,0)/V27)
A28: =B28&"."&IFERROR(MID(D28,FIND("(",D28)+1,FIND(")",D28)-FIND("(",D28)-1),"") -> 73778. | B28: 73778 | C28: VOL CX ESPELHO C/1 ESP 1398X448X3 C/2 SUP 1,445X0,555X0,047 | E28: 39403 | F28: VIDRO/ESPELHO | G28: VOLUME | H28: =IFERROR(INDEX(Linha!$B$5:$B$788,MATCH(A28,Linha!$A$5:$A$788,0)),"NÃO CADASTRADO") | I28: =IFERROR(INDEX(Linha!$C$5:$C$788,MATCH(A28,Linha!$A$5:$A$788,0)),"-") | J28: 0 | K28: =IFERROR(INDEX(Linha!$D$5:$D$788,MATCH(A28,Linha!$A$5:$A$788,0))*1,0) | L28: =SUMIFS(Reservas!$K$5:$K$3669,Reservas!$A$5:$A$3669,A28) | M28: =J28-L28 | N28: 9.16 | O28: =J28*N28 | P28: =L28*N28 | Q28: 42.9189 | R28: =J28*Q28 | S28: =L28*Q28 | T28: =IF(J28=0,0,L28/J28) | U28: =IFERROR(INDEX(Paletes!$C$5:$C$393,MATCH(B28,Paletes!$A$5:$A$393,0)),"SEM CADASTRO") | V28: =IFERROR(INDEX(Paletes!$D$5:$D$393,MATCH(B28,Paletes!$A$5:$A$393,0)),0) | W28: =IF(V28=0,0,J28/V28) | X28: =IF(V28=0,0,MAX(M28,0)/V28)
A29: =B29&"."&IFERROR(MID(D29,FIND("(",D29)+1,FIND(")",D29)-FIND("(",D29)-1),"") -> 87565.93217 | B29: 87565 | C29: VOL CX KIT C/6 PUXADORES P/PORTA VIDRO GR SUAVITA 0,485X0,172X0,120 | D29: (93217)AMENDOA CLEAN | E29: 105325 | F29: UNIDADE GUARDA ROUPAS | G29: VOLUME | H29: =IFERROR(INDEX(Linha!$B$5:$B$788,MATCH(A29,Linha!$A$5:$A$788,0)),"NÃO CADASTRADO") | I29: =IFERROR(INDEX(Linha!$C$5:$C$788,MATCH(A29,Linha!$A$5:$A$788,0)),"-") | J29: 111 | K29: =IFERROR(INDEX(Linha!$D$5:$D$788,MATCH(A29,Linha!$A$5:$A$788,0))*1,0) | L29: =SUMIFS(Reservas!$K$5:$K$3669,Reservas!$A$5:$A$3669,A29) | M29: =J29-L29 | N29: 1.413 | O29: =J29*N29 | P29: =L29*N29 | Q29: 46.119645 | R29: =J29*Q29 | S29: =L29*Q29 | T29: =IF(J29=0,0,L29/J29) | U29: =IFERROR(INDEX(Paletes!$C$5:$C$393,MATCH(B29,Paletes!$A$5:$A$393,0)),"SEM CADASTRO") | V29: =IFERROR(INDEX(Paletes!$D$5:$D$393,MATCH(B29,Paletes!$A$5:$A$393,0)),0) | W29: =IF(V29=0,0,J29/V29) | X29: =IF(V29=0,0,MAX(M29,0)/V29)
A30: =B30&"."&IFERROR(MID(D30,FIND("(",D30)+1,FIND(")",D30)-FIND("(",D30)-1),"") -> 75871.65257 | B30: 75871 | C30: VOL CX GR 6 PTS LOOP 2024 COSTAS 2,270X0,940X0,010 | D30: (65257)BRANCO | E30: 91885 | F30: UNIDADE GUARDA ROUPAS | G30: VOLUME | H30: =IFERROR(INDEX(Linha!$B$5:$B$788,MATCH(A30,Linha!$A$5:$A$788,0)),"NÃO CADASTRADO") | I30: =IFERROR(INDEX(Linha!$C$5:$C$788,MATCH(A30,Linha!$A$5:$A$788,0)),"-") | J30: 84 | K30: =IFERROR(INDEX(Linha!$D$5:$D$788,MATCH(A30,Linha!$A$5:$A$788,0))*1,0) | L30: =SUMIFS(Reservas!$K$5:$K$3669,Reservas!$A$5:$A$3669,A30) | M30: =J30-L30 | N30: 17.062 | O30: =J30*N30 | P30: =L30*N30 | Q30: 44.210527 | R30: =J30*Q30 | S30: =L30*Q30 | T30: =IF(J30=0,0,L30/J30) | U30: =IFERROR(INDEX(Paletes!$C$5:$C$393,MATCH(B30,Paletes!$A$5:$A$393,0)),"SEM CADASTRO") | V30: =IFERROR(INDEX(Paletes!$D$5:$D$393,MATCH(B30,Paletes!$A$5:$A$393,0)),0) | W30: =IF(V30=0,0,J30/V30) | X30: =IF(V30=0,0,MAX(M30,0)/V30)
A31: =B31&"."&IFERROR(MID(D31,FIND("(",D31)+1,FIND(")",D31)-FIND("(",D31)-1),"") -> 74632.99862 | B31: 74632 | C31: VOL CX PES CAMA CASAL 1,40 REALI PLUS/SPECIALE 2023 EXP 1,430X0,260X0, | D31: (99862)AMENDOA CLEAN#C/LOGO | E31: 81398 | F31: UNIDADE DE COMPLEMENTOS | G31: VOLUME | H31: =IFERROR(INDEX(Linha!$B$5:$B$788,MATCH(A31,Linha!$A$5:$A$788,0)),"NÃO CADASTRADO") | I31: =IFERROR(INDEX(Linha!$C$5:$C$788,MATCH(A31,Linha!$A$5:$A$788,0)),"-") | J31: 0 | K31: =IFERROR(INDEX(Linha!$D$5:$D$788,MATCH(A31,Linha!$A$5:$A$788,0))*1,0) | L31: =SUMIFS(Reservas!$K$5:$K$3669,Reservas!$A$5:$A$3669,A31) | M31: =J31-L31 | N31: 18.78 | O31: =J31*N31 | P31: =L31*N31 | Q31: 116.55086 | R31: =J31*Q31 | S31: =L31*Q31 | T31: =IF(J31=0,0,L31/J31) | U31: =IFERROR(INDEX(Paletes!$C$5:$C$393,MATCH(B31,Paletes!$A$5:$A$393,0)),"SEM CADASTRO") | V31: =IFERROR(INDEX(Paletes!$D$5:$D$393,MATCH(B31,Paletes!$A$5:$A$393,0)),0) | W31: =IF(V31=0,0,J31/V31) | X31: =IF(V31=0,0,MAX(M31,0)/V31)
A32: =B32&"."&IFERROR(MID(D32,FIND("(",D32)+1,FIND(")",D32)-FIND("(",D32)-1),"") -> 84921.36180 | B32: 84921 | C32: VOL CX BARRA CAMA CASAL 1,60 LOOP/LEDER 2025 2,130X0,357X0,117 | D32: (36180)BRANCO | E32: 96440 | F32: UNIDADE DE COMPLEMENTOS | G32: VOLUME | H32: =IFERROR(INDEX(Linha!$B$5:$B$788,MATCH(A32,Linha!$A$5:$A$788,0)),"NÃO CADASTRADO") | I32: =IFERROR(INDEX(Linha!$C$5:$C$788,MATCH(A32,Linha!$A$5:$A$788,0)),"-") | J32: 15 | K32: =IFERROR(INDEX(Linha!$D$5:$D$788,MATCH(A32,Linha!$A$5:$A$788,0))*1,0) | L32: =SUMIFS(Reservas!$K$5:$K$3669,Reservas!$A$5:$A$3669,A32) | M32: =J32-L32 | N32: 41.73 | O32: =J32*N32 | P32: =L32*N32 | Q32: 206.9028 | R32: =J32*Q32 | S32: =L32*Q32 | T32: =IF(J32=0,0,L32/J32) | U32: =IFERROR(INDEX(Paletes!$C$5:$C$393,MATCH(B32,Paletes!$A$5:$A$393,0)),"SEM CADASTRO") | V32: =IFERROR(INDEX(Paletes!$D$5:$D$393,MATCH(B32,Paletes!$A$5:$A$393,0)),0) | W32: =IF(V32=0,0,J32/V32) | X32: =IF(V32=0,0,MAX(M32,0)/V32)
A33: =B33&"."&IFERROR(MID(D33,FIND("(",D33)+1,FIND(")",D33)-FIND("(",D33)-1),"") -> 85168.72896 | B33: 85168 | C33: VOL CX BASE MESA 1,70 LUAR 0,835X0,605X0,136 | D33: (72896)FRASSINO | E33: 96252 | F33: UNIDADE DE SALAS | G33: VOLUME | H33: =IFERROR(INDEX(Linha!$B$5:$B$788,MATCH(A33,Linha!$A$5:$A$788,0)),"NÃO CADASTRADO") | I33: =IFERROR(INDEX(Linha!$C$5:$C$788,MATCH(A33,Linha!$A$5:$A$788,0)),"-") | J33: 5 | K33: =IFERROR(INDEX(Linha!$D$5:$D$788,MATCH(A33,Linha!$A$5:$A$788,0))*1,0) | L33: =SUMIFS(Reservas!$K$5:$K$3669,Reservas!$A$5:$A$3669,A33) | M33: =J33-L33 | N33: 28.567 | O33: =J33*N33 | P33: =L33*N33 | Q33: 139.29433 | R33: =J33*Q33 | S33: =L33*Q33 | T33: =IF(J33=0,0,L33/J33) | U33: =IFERROR(INDEX(Paletes!$C$5:$C$393,MATCH(B33,Paletes!$A$5:$A$393,0)),"SEM CADASTRO") | V33: =IFERROR(INDEX(Paletes!$D$5:$D$393,MATCH(B33,Paletes!$A$5:$A$393,0)),0) | W33: =IF(V33=0,0,J33/V33) | X33: =IF(V33=0,0,MAX(M33,0)/V33)
A34: =B34&"."&IFERROR(MID(D34,FIND("(",D34)+1,FIND(")",D34)-FIND("(",D34)-1),"") -> 2280.31363 | B34: 2280 | C34: VOL CX GR 6 PTS LOOP PORTAS 2,400X0,436X0,103 | D34: (31363)SALVIA | E34: 86814 | F34: UNIDADE GUARDA ROUPAS | G34: VOLUME | H34: =IFERROR(INDEX(Linha!$B$5:$B$788,MATCH(A34,Linha!$A$5:$A$788,0)),"NÃO CADASTRADO") | I34: =IFERROR(INDEX(Linha!$C$5:$C$788,MATCH(A34,Linha!$A$5:$A$788,0)),"-") | J34: 0 | K34: =IFERROR(INDEX(Linha!$D$5:$D$788,MATCH(A34,Linha!$A$5:$A$788,0))*1,0) | L34: =SUMIFS(Reservas!$K$5:$K$3669,Reservas!$A$5:$A$3669,A34) | M34: =J34-L34 | N34: 59.943 | O34: =J34*N34 | P34: =L34*N34 | Q34: 219.2973 | R34: =J34*Q34 | S34: =L34*Q34 | T34: =IF(J34=0,0,L34/J34) | U34: =IFERROR(INDEX(Paletes!$C$5:$C$393,MATCH(B34,Paletes!$A$5:$A$393,0)),"SEM CADASTRO") | V34: =IFERROR(INDEX(Paletes!$D$5:$D$393,MATCH(B34,Paletes!$A$5:$A$393,0)),0) | W34: =IF(V34=0,0,J34/V34) | X34: =IF(V34=0,0,MAX(M34,0)/V34)
A35: =B35&"."&IFERROR(MID(D35,FIND("(",D35)+1,FIND(")",D35)-FIND("(",D35)-1),"") -> 73539.16556 | B35: 73539 | C35: VOL CX CADEIRA ATHENAS C/2 | D35: (16556)AMENDOA CLEAN | E35: 73511 | F35: UNIDADE DE SALAS | G35: VOLUME | H35: =IFERROR(INDEX(Linha!$B$5:$B$788,MATCH(A35,Linha!$A$5:$A$788,0)),"NÃO CADASTRADO") | I35: =IFERROR(INDEX(Linha!$C$5:$C$788,MATCH(A35,Linha!$A$5:$A$788,0)),"-") | J35: 0 | K35: =IFERROR(INDEX(Linha!$D$5:$D$788,MATCH(A35,Linha!$A$5:$A$788,0))*1,0) | L35: =SUMIFS(Reservas!$K$5:$K$3669,Reservas!$A$5:$A$3669,A35) | M35: =J35-L35 | N35: 12.675 | O35: =J35*N35 | P35: =L35*N35 | Q35: 70.966391 | R35: =J35*Q35 | S35: =L35*Q35 | T35: =IF(J35=0,0,L35/J35) | U35: =IFERROR(INDEX(Paletes!$C$5:$C$393,MATCH(B35,Paletes!$A$5:$A$393,0)),"SEM CADASTRO") | V35: =IFERROR(INDEX(Paletes!$D$5:$D$393,MATCH(B35,Paletes!$A$5:$A$393,0)),0) | W35: =IF(V35=0,0,J35/V35) | X35: =IF(V35=0,0,MAX(M35,0)/V35)
A36: =B36&"."&IFERROR(MID(D36,FIND("(",D36)+1,FIND(")",D36)-FIND("(",D36)-1),"") -> 73539.24026 | B36: 73539 | C36: VOL CX CADEIRA ATHENAS C/2 | D36: (24026)IMBUIA CLEAN | E36: 73511 | F36: UNIDADE DE SALAS | G36: VOLUME | H36: =IFERROR(INDEX(Linha!$B$5:$B$788,MATCH(A36,Linha!$A$5:$A$788,0)),"NÃO CADASTRADO") | I36: =IFERROR(INDEX(Linha!$C$5:$C$788,MATCH(A36,Linha!$A$5:$A$788,0)),"-") | J36: 1 | K36: =IFERROR(INDEX(Linha!$D$5:$D$788,MATCH(A36,Linha!$A$5:$A$788,0))*1,0) | L36: =SUMIFS(Reservas!$K$5:$K$3669,Reservas!$A$5:$A$3669,A36) | M36: =J36-L36 | N36: 12.675 | O36: =J36*N36 | P36: =L36*N36 | Q36: 70.966391 | R36: =J36*Q36 | S36: =L36*Q36 | T36: =IF(J36=0,0,L36/J36) | U36: =IFERROR(INDEX(Paletes!$C$5:$C$393,MATCH(B36,Paletes!$A$5:$A$393,0)),"SEM CADASTRO") | V36: =IFERROR(INDEX(Paletes!$D$5:$D$393,MATCH(B36,Paletes!$A$5:$A$393,0)),0) | W36: =IF(V36=0,0,J36/V36) | X36: =IF(V36=0,0,MAX(M36,0)/V36)
A37: =B37&"."&IFERROR(MID(D37,FIND("(",D37)+1,FIND(")",D37)-FIND("(",D37)-1),"") -> 73388.16470 | B37: 73388 | C37: VOL CX BASE MESA CELEBRARE 1,20 0,870X0,510X0,096 | D37: (16470)AMENDOA CLEAN | E37: 54394 | F37: UNIDADE DE SALAS | G37: VOLUME | H37: =IFERROR(INDEX(Linha!$B$5:$B$788,MATCH(A37,Linha!$A$5:$A$788,0)),"NÃO CADASTRADO") | I37: =IFERROR(INDEX(Linha!$C$5:$C$788,MATCH(A37,Linha!$A$5:$A$788,0)),"-") | J37: 313 | K37: =IFERROR(INDEX(Linha!$D$5:$D$788,MATCH(A37,Linha!$A$5:$A$788,0))*1,0) | L37: =SUMIFS(Reservas!$K$5:$K$3669,Reservas!$A$5:$A$3669,A37) | M37: =J37-L37 | N37: 15.795 | O37: =J37*N37 | P37: =L37*N37 | Q37: 86.281566 | R37: =J37*Q37 | S37: =L37*Q37 | T37: =IF(J37=0,0,L37/J37) | U37: =IFERROR(INDEX(Paletes!$C$5:$C$393,MATCH(B37,Paletes!$A$5:$A$393,0)),"SEM CADASTRO") | V37: =IFERROR(INDEX(Paletes!$D$5:$D$393,MATCH(B37,Paletes!$A$5:$A$393,0)),0) | W37: =IF(V37=0,0,J37/V37) | X37: =IF(V37=0,0,MAX(M37,0)/V37)
A38: =B38&"."&IFERROR(MID(D38,FIND("(",D38)+1,FIND(")",D38)-FIND("(",D38)-1),"") -> 2192.13154 | B38: 2192 | C38: VOL CX GR 6 PTS IMPERATORE/REALI/STIL KIT SAPAT 0,830X0,560X0,065 | D38: (13154)BRANCO | E38: 55521 | F38: UNIDADE GUARDA ROUPAS | G38: VOLUME | H38: =IFERROR(INDEX(Linha!$B$5:$B$788,MATCH(A38,Linha!$A$5:$A$788,0)),"NÃO CADASTRADO") | I38: =IFERROR(INDEX(Linha!$C$5:$C$788,MATCH(A38,Linha!$A$5:$A$788,0)),"-") | J38: 11 | K38: =IFERROR(INDEX(Linha!$D$5:$D$788,MATCH(A38,Linha!$A$5:$A$788,0))*1,0) | L38: =SUMIFS(Reservas!$K$5:$K$3669,Reservas!$A$5:$A$3669,A38) | M38: =J38-L38 | N38: 13.162 | O38: =J38*N38 | P38: =L38*N38 | Q38: 40.340933 | R38: =J38*Q38 | S38: =L38*Q38 | T38: =IF(J38=0,0,L38/J38) | U38: =IFERROR(INDEX(Paletes!$C$5:$C$393,MATCH(B38,Paletes!$A$5:$A$393,0)),"SEM CADASTRO") | V38: =IFERROR(INDEX(Paletes!$D$5:$D$393,MATCH(B38,Paletes!$A$5:$A$393,0)),0) | W38: =IF(V38=0,0,J38/V38) | X38: =IF(V38=0,0,MAX(M38,0)/V38)
A39: =B39&"."&IFERROR(MID(D39,FIND("(",D39)+1,FIND(")",D39)-FIND("(",D39)-1),"") -> 72643.16351 | B39: 72643 | C39: VOL CX GR 3/6 PTS OLLIE/CALEB/VINCE TAMPO/PRAT 2,745X0,550X0,103 | D39: (16351)AMENDOA CLEAN | E39: 87844 | F39: UNIDADE GUARDA ROUPAS | G39: VOLUME | H39: =IFERROR(INDEX(Linha!$B$5:$B$788,MATCH(A39,Linha!$A$5:$A$788,0)),"NÃO CADASTRADO") | I39: =IFERROR(INDEX(Linha!$C$5:$C$788,MATCH(A39,Linha!$A$5:$A$788,0)),"-") | J39: 0 | K39: =IFERROR(INDEX(Linha!$D$5:$D$788,MATCH(A39,Linha!$A$5:$A$788,0))*1,0) | L39: =SUMIFS(Reservas!$K$5:$K$3669,Reservas!$A$5:$A$3669,A39) | M39: =J39-L39 | N39: 62.361 | O39: =J39*N39 | P39: =L39*N39 | Q39: 184.46507 | R39: =J39*Q39 | S39: =L39*Q39 | T39: =IF(J39=0,0,L39/J39) | U39: =IFERROR(INDEX(Paletes!$C$5:$C$393,MATCH(B39,Paletes!$A$5:$A$393,0)),"SEM CADASTRO") | V39: =IFERROR(INDEX(Paletes!$D$5:$D$393,MATCH(B39,Paletes!$A$5:$A$393,0)),0) | W39: =IF(V39=0,0,J39/V39) | X39: =IF(V39=0,0,MAX(M39,0)/V39)
A40: =B40&"."&IFERROR(MID(D40,FIND("(",D40)+1,FIND(")",D40)-FIND("(",D40)-1),"") -> 72737.15527 | B40: 72737 | C40: VOL CX GR 3 PTS CALEB 2,40 COSTAS 2,245X0,806X0,015 | D40: (15527)AMENDOA CLEAN | E40: 88262 | F40: UNIDADE GUARDA ROUPAS | G40: VOLUME | H40: =IFERROR(INDEX(Linha!$B$5:$B$788,MATCH(A40,Linha!$A$5:$A$788,0)),"NÃO CADASTRADO") | I40: =IFERROR(INDEX(Linha!$C$5:$C$788,MATCH(A40,Linha!$A$5:$A$788,0)),"-") | J40: 0 | K40: =IFERROR(INDEX(Linha!$D$5:$D$788,MATCH(A40,Linha!$A$5:$A$788,0))*1,0) | L40: =SUMIFS(Reservas!$K$5:$K$3669,Reservas!$A$5:$A$3669,A40) | M40: =J40-L40 | N40: 14.04 | O40: =J40*N40 | P40: =L40*N40 | Q40: 50.401853 | R40: =J40*Q40 | S40: =L40*Q40 | T40: =IF(J40=0,0,L40/J40) | U40: =IFERROR(INDEX(Paletes!$C$5:$C$393,MATCH(B40,Paletes!$A$5:$A$393,0)),"SEM CADASTRO") | V40: =IFERROR(INDEX(Paletes!$D$5:$D$393,MATCH(B40,Paletes!$A$5:$A$393,0)),0) | W40: =IF(V40=0,0,J40/V40) | X40: =IF(V40=0,0,MAX(M40,0)/V40)
... A50: =B50&"."&IFERROR(MID(D50,FIND("(",D50)+1,FIND(")",D50)-FIND("(",D50)-1),"") -> 217.55179 | B50: 217 | C50: VOL CX ASSENTO/ENCOSTO CAD APOGEU/TESSERA C/20,585X0,370X0,430 | D50: (55179)COURO MORANO AVELA | E50: 32317 | F50: UNIDADE DE SALAS | G50: VOLUME | H50: =IFERROR(INDEX(Linha!$B$5:$B$788,MATCH(A50,Linha!$A$5:$A$788,0)),"NÃO CADASTRADO") | I50: =IFERROR(INDEX(Linha!$C$5:$C$788,MATCH(A50,Linha!$A$5:$A$788,0)),"-") | J50: 284 | K50: =IFERROR(INDEX(Linha!$D$5:$D$788,MATCH(A50,Linha!$A$5:$A$788,0))*1,0) | L50: =SUMIFS(Reservas!$K$5:$K$3669,Reservas!$A$5:$A$3669,A50) | M50: =J50-L50 | N50: 11.51 | O50: =J50*N50 | P50: =L50*N50 | Q50: 67.672951 | R50: =J50*Q50 | S50: =L50*Q50 | T50: =IF(J50=0,0,L50/J50) | U50: =IFERROR(INDEX(Paletes!$C$5:$C$393,MATCH(B50,Paletes!$A$5:$A$393,0)),"SEM CADASTRO") | V50: =IFERROR(INDEX(Paletes!$D$5:$D$393,MATCH(B50,Paletes!$A$5:$A$393,0)),0) | W50: =IF(V50=0,0,J50/V50) | X50: =IF(V50=0,0,MAX(M50,0)/V50)
A51: =B51&"."&IFERROR(MID(D51,FIND("(",D51)+1,FIND(")",D51)-FIND("(",D51)-1),"") -> 87626.93315 | B51: 87626 | C51: VOL CX ASSENTO/ENCOSTO CAD LAINI C/2 0,585X0,370X0,430 | D51: (93315)LINHO RINZAI BEGE | F51: UNIDADE DE SALAS | G51: VOLUME | H51: =IFERROR(INDEX(Linha!$B$5:$B$788,MATCH(A51,Linha!$A$5:$A$788,0)),"NÃO CADASTRADO") | I51: =IFERROR(INDEX(Linha!$C$5:$C$788,MATCH(A51,Linha!$A$5:$A$788,0)),"-") | J51: 451 | K51: =IFERROR(INDEX(Linha!$D$5:$D$788,MATCH(A51,Linha!$A$5:$A$788,0))*1,0) | L51: =SUMIFS(Reservas!$K$5:$K$3669,Reservas!$A$5:$A$3669,A51) | M51: =J51-L51 | N51: 11.51 | O51: =J51*N51 | P51: =L51*N51 | Q51: 56.100989 | R51: =J51*Q51 | S51: =L51*Q51 | T51: =IF(J51=0,0,L51/J51) | U51: =IFERROR(INDEX(Paletes!$C$5:$C$393,MATCH(B51,Paletes!$A$5:$A$393,0)),"SEM CADASTRO") | V51: =IFERROR(INDEX(Paletes!$D$5:$D$393,MATCH(B51,Paletes!$A$5:$A$393,0)),0) | W51: =IF(V51=0,0,J51/V51) | X51: =IF(V51=0,0,MAX(M51,0)/V51)
A52: =B52&"."&IFERROR(MID(D52,FIND("(",D52)+1,FIND(")",D52)-FIND("(",D52)-1),"") -> 87025.90076 | B52: 87025 | C52: VOL CX BARRA CAMA CASAL 1,80 LOOP/LEDER 2025 2,130X0,357X0,117 | D52: (90076)AMENDOA CLEAN#C/LOGO | E52: 102955 | F52: UNIDADE DE COMPLEMENTOS | G52: VOLUME | H52: =IFERROR(INDEX(Linha!$B$5:$B$788,MATCH(A52,Linha!$A$5:$A$788,0)),"NÃO CADASTRADO") | I52: =IFERROR(INDEX(Linha!$C$5:$C$788,MATCH(A52,Linha!$A$5:$A$788,0)),"-") | J52: 2 | K52: =IFERROR(INDEX(Linha!$D$5:$D$788,MATCH(A52,Linha!$A$5:$A$788,0))*1,0) | L52: =SUMIFS(Reservas!$K$5:$K$3669,Reservas!$A$5:$A$3669,A52) | M52: =J52-L52 | N52: 39 | O52: =J52*N52 | P52: =L52*N52 | Q52: 206.72334 | R52: =J52*Q52 | S52: =L52*Q52 | T52: =IF(J52=0,0,L52/J52) | U52: =IFERROR(INDEX(Paletes!$C$5:$C$393,MATCH(B52,Paletes!$A$5:$A$393,0)),"SEM CADASTRO") | V52: =IFERROR(INDEX(Paletes!$D$5:$D$393,MATCH(B52,Paletes!$A$5:$A$393,0)),0) | W52: =IF(V52=0,0,J52/V52) | X52: =IF(V52=0,0,MAX(M52,0)/V52)
A53: =B53&"."&IFERROR(MID(D53,FIND("(",D53)+1,FIND(")",D53)-FIND("(",D53)-1),"") -> 87121.90710 | B53: 87121 | C53: VOL CX TAMPO GR 04 PTS LOOP 1,880X0,520X0,105 | D53: (90710)AMENDOA CLEAN | E53: 104474 | F53: UNIDADE GUARDA ROUPAS | G53: VOLUME | H53: =IFERROR(INDEX(Linha!$B$5:$B$788,MATCH(A53,Linha!$A$5:$A$788,0)),"NÃO CADASTRADO") | I53: =IFERROR(INDEX(Linha!$C$5:$C$788,MATCH(A53,Linha!$A$5:$A$788,0)),"-") | J53: 315 | K53: =IFERROR(INDEX(Linha!$D$5:$D$788,MATCH(A53,Linha!$A$5:$A$788,0))*1,0) | L53: =SUMIFS(Reservas!$K$5:$K$3669,Reservas!$A$5:$A$3669,A53) | M53: =J53-L53 | N53: 49.725 | O53: =J53*N53 | P53: =L53*N53 | Q53: 172.21274 | R53: =J53*Q53 | S53: =L53*Q53 | T53: =IF(J53=0,0,L53/J53) | U53: =IFERROR(INDEX(Paletes!$C$5:$C$393,MATCH(B53,Paletes!$A$5:$A$393,0)),"SEM CADASTRO") | V53: =IFERROR(INDEX(Paletes!$D$5:$D$393,MATCH(B53,Paletes!$A$5:$A$393,0)),0) | W53: =IF(V53=0,0,J53/V53) | X53: =IF(V53=0,0,MAX(M53,0)/V53)
A54: =B54&"."&IFERROR(MID(D54,FIND("(",D54)+1,FIND(")",D54)-FIND("(",D54)-1),"") -> 87130.90734 | B54: 87130 | C54: VOL CX JOGO DE PES LOPAS C/06 GR LOOP 0,282X0,140X0,069 | D54: (90734)AMENDOA CLEAN | E54: 104501 | F54: UNIDADE GUARDA ROUPAS | G54: VOLUME | H54: =IFERROR(INDEX(Linha!$B$5:$B$788,MATCH(A54,Linha!$A$5:$A$788,0)),"NÃO CADASTRADO") | I54: =IFERROR(INDEX(Linha!$C$5:$C$788,MATCH(A54,Linha!$A$5:$A$788,0)),"-") | J54: 155 | K54: =IFERROR(INDEX(Linha!$D$5:$D$788,MATCH(A54,Linha!$A$5:$A$788,0))*1,0) | L54: =SUMIFS(Reservas!$K$5:$K$3669,Reservas!$A$5:$A$3669,A54) | M54: =J54-L54 | N54: 0.546 | O54: =J54*N54 | P54: =L54*N54 | Q54: 6.148682 | R54: =J54*Q54 | S54: =L54*Q54 | T54: =IF(J54=0,0,L54/J54) | U54: =IFERROR(INDEX(Paletes!$C$5:$C$393,MATCH(B54,Paletes!$A$5:$A$393,0)),"SEM CADASTRO") | V54: =IFERROR(INDEX(Paletes!$D$5:$D$393,MATCH(B54,Paletes!$A$5:$A$393,0)),0) | W54: =IF(V54=0,0,J54/V54) | X54: =IF(V54=0,0,MAX(M54,0)/V54)
A55: =B55&"."&IFERROR(MID(D55,FIND("(",D55)+1,FIND(")",D55)-FIND("(",D55)-1),"") -> 87140.90813 | B55: 87140 | C55: VOL CX GR 03PTS ATLAS PORTAS/COSTAS 1,920X0,555X0,095 | D55: (90813)AMENDOA CLEAN/OFF WH | F55: UNIDADE GUARDA ROUPAS | G55: VOLUME | H55: =IFERROR(INDEX(Linha!$B$5:$B$788,MATCH(A55,Linha!$A$5:$A$788,0)),"NÃO CADASTRADO") | I55: =IFERROR(INDEX(Linha!$C$5:$C$788,MATCH(A55,Linha!$A$5:$A$788,0)),"-") | J55: 22 | K55: =IFERROR(INDEX(Linha!$D$5:$D$788,MATCH(A55,Linha!$A$5:$A$788,0))*1,0) | L55: =SUMIFS(Reservas!$K$5:$K$3669,Reservas!$A$5:$A$3669,A55) | M55: =J55-L55 | N55: 46.312 | O55: =J55*N55 | P55: =L55*N55 | Q55: 126.0522 | R55: =J55*Q55 | S55: =L55*Q55 | T55: =IF(J55=0,0,L55/J55) | U55: =IFERROR(INDEX(Paletes!$C$5:$C$393,MATCH(B55,Paletes!$A$5:$A$393,0)),"SEM CADASTRO") | V55: =IFERROR(INDEX(Paletes!$D$5:$D$393,MATCH(B55,Paletes!$A$5:$A$393,0)),0) | W55: =IF(V55=0,0,J55/V55) | X55: =IF(V55=0,0,MAX(M55,0)/V55)
A56: =B56&"."&IFERROR(MID(D56,FIND("(",D56)+1,FIND(")",D56)-FIND("(",D56)-1),"") -> 87140.90814 | B56: 87140 | C56: VOL CX GR 03PTS ATLAS PORTAS/COSTAS 1,920X0,555X0,095 | D56: (90814)BRANCO | F56: UNIDADE GUARDA ROUPAS | G56: VOLUME | H56: =IFERROR(INDEX(Linha!$B$5:$B$788,MATCH(A56,Linha!$A$5:$A$788,0)),"NÃO CADASTRADO") | I56: =IFERROR(INDEX(Linha!$C$5:$C$788,MATCH(A56,Linha!$A$5:$A$788,0)),"-") | J56: 50 | K56: =IFERROR(INDEX(Linha!$D$5:$D$788,MATCH(A56,Linha!$A$5:$A$788,0))*1,0) | L56: =SUMIFS(Reservas!$K$5:$K$3669,Reservas!$A$5:$A$3669,A56) | M56: =J56-L56 | N56: 46.312 | O56: =J56*N56 | P56: =L56*N56 | Q56: 165.66808 | R56: =J56*Q56 | S56: =L56*Q56 | T56: =IF(J56=0,0,L56/J56) | U56: =IFERROR(INDEX(Paletes!$C$5:$C$393,MATCH(B56,Paletes!$A$5:$A$393,0)),"SEM CADASTRO") | V56: =IFERROR(INDEX(Paletes!$D$5:$D$393,MATCH(B56,Paletes!$A$5:$A$393,0)),0) | W56: =IF(V56=0,0,J56/V56) | X56: =IF(V56=0,0,MAX(M56,0)/V56)
A57: =B57&"."&IFERROR(MID(D57,FIND("(",D57)+1,FIND(")",D57)-FIND("(",D57)-1),"") -> 87469.91611 | B57: 87469 | C57: VOL CX GR 8PTS SERENATA PORTAS 1,950X0,305X0,130 | D57: (91611)AMENDOA CLEAN | E57: 104712 | F57: UNIDADE GUARDA ROUPAS | G57: VOLUME | H57: =IFERROR(INDEX(Linha!$B$5:$B$788,MATCH(A57,Linha!$A$5:$A$788,0)),"NÃO CADASTRADO") | I57: =IFERROR(INDEX(Linha!$C$5:$C$788,MATCH(A57,Linha!$A$5:$A$788,0)),"-") | J57: 359 | K57: =IFERROR(INDEX(Linha!$D$5:$D$788,MATCH(A57,Linha!$A$5:$A$788,0))*1,0) | L57: =SUMIFS(Reservas!$K$5:$K$3669,Reservas!$A$5:$A$3669,A57) | M57: =J57-L57 | N57: 46.848 | O57: =J57*N57 | P57: =L57*N57 | Q57: 162.35259 | R57: =J57*Q57 | S57: =L57*Q57 | T57: =IF(J57=0,0,L57/J57) | U57: =IFERROR(INDEX(Paletes!$C$5:$C$393,MATCH(B57,Paletes!$A$5:$A$393,0)),"SEM CADASTRO") | V57: =IFERROR(INDEX(Paletes!$D$5:$D$393,MATCH(B57,Paletes!$A$5:$A$393,0)),0) | W57: =IF(V57=0,0,J57/V57) | X57: =IF(V57=0,0,MAX(M57,0)/V57)
A58: =B58&"."&IFERROR(MID(D58,FIND("(",D58)+1,FIND(")",D58)-FIND("(",D58)-1),"") -> 87123.90719 | B58: 87123 | C58: VOL CX LAT/DIV GR 04 PTS LOOP 2,420X0,555X0,125 | D58: (90719)BRANCO | E58: 104475 | F58: UNIDADE GUARDA ROUPAS | G58: VOLUME | H58: =IFERROR(INDEX(Linha!$B$5:$B$788,MATCH(A58,Linha!$A$5:$A$788,0)),"NÃO CADASTRADO") | I58: =IFERROR(INDEX(Linha!$C$5:$C$788,MATCH(A58,Linha!$A$5:$A$788,0)),"-") | J58: 66 | K58: =IFERROR(INDEX(Linha!$D$5:$D$788,MATCH(A58,Linha!$A$5:$A$788,0))*1,0) | L58: =SUMIFS(Reservas!$K$5:$K$3669,Reservas!$A$5:$A$3669,A58) | M58: =J58-L58 | N58: 55.575 | O58: =J58*N58 | P58: =L58*N58 | Q58: 317.74455 | R58: =J58*Q58 | S58: =L58*Q58 | T58: =IF(J58=0,0,L58/J58) | U58: =IFERROR(INDEX(Paletes!$C$5:$C$393,MATCH(B58,Paletes!$A$5:$A$393,0)),"SEM CADASTRO") | V58: =IFERROR(INDEX(Paletes!$D$5:$D$393,MATCH(B58,Paletes!$A$5:$A$393,0)),0) | W58: =IF(V58=0,0,J58/V58) | X58: =IF(V58=0,0,MAX(M58,0)/V58)
A59: =B59&"."&IFERROR(MID(D59,FIND("(",D59)+1,FIND(")",D59)-FIND("(",D59)-1),"") -> 74668.55637 | B59: 74668 | C59: VOL CX CLOSET LISSA T/F | D59: (55637)PRETO FOSCO | E59: 80654 | F59: UNIDADE GUARDA ROUPAS | G59: VOLUME | H59: =IFERROR(INDEX(Linha!$B$5:$B$788,MATCH(A59,Linha!$A$5:$A$788,0)),"NÃO CADASTRADO") | I59: =IFERROR(INDEX(Linha!$C$5:$C$788,MATCH(A59,Linha!$A$5:$A$788,0)),"-") | J59: 0 | K59: =IFERROR(INDEX(Linha!$D$5:$D$788,MATCH(A59,Linha!$A$5:$A$788,0))*1,0) | L59: =SUMIFS(Reservas!$K$5:$K$3669,Reservas!$A$5:$A$3669,A59) | M59: =J59-L59 | N59: 28.275 | O59: =J59*N59 | P59: =L59*N59 | Q59: 97.55401 | R59: =J59*Q59 | S59: =L59*Q59 | T59: =IF(J59=0,0,L59/J59) | U59: =IFERROR(INDEX(Paletes!$C$5:$C$393,MATCH(B59,Paletes!$A$5:$A$393,0)),"SEM CADASTRO") | V59: =IFERROR(INDEX(Paletes!$D$5:$D$393,MATCH(B59,Paletes!$A$5:$A$393,0)),0) | W59: =IF(V59=0,0,J59/V59) | X59: =IF(V59=0,0,MAX(M59,0)/V59)
A60: =B60&"."&IFERROR(MID(D60,FIND("(",D60)+1,FIND(")",D60)-FIND("(",D60)-1),"") -> 73280.78154 | B60: 73280 | C60: VOL CX PORTA/GAVETA COMODA 8GAV 2PTS TORONTO 2021 1,175X0,465X0,170 | D60: (78154)AMENDOA CLEAN/OFF WH | E60: 59518 | F60: UNIDADE DE COMPLEMENTOS | G60: VOLUME | H60: =IFERROR(INDEX(Linha!$B$5:$B$788,MATCH(A60,Linha!$A$5:$A$788,0)),"NÃO CADASTRADO") | I60: =IFERROR(INDEX(Linha!$C$5:$C$788,MATCH(A60,Linha!$A$5:$A$788,0)),"-") | J60: 253 | K60: =IFERROR(INDEX(Linha!$D$5:$D$788,MATCH(A60,Linha!$A$5:$A$788,0))*1,0) | L60: =SUMIFS(Reservas!$K$5:$K$3669,Reservas!$A$5:$A$3669,A60) | M60: =J60-L60 | N60: 44.85 | O60: =J60*N60 | P60: =L60*N60 | Q60: 205.52541 | R60: =J60*Q60 | S60: =L60*Q60 | T60: =IF(J60=0,0,L60/J60) | U60: =IFERROR(INDEX(Paletes!$C$5:$C$393,MATCH(B60,Paletes!$A$5:$A$393,0)),"SEM CADASTRO") | V60: =IFERROR(INDEX(Paletes!$D$5:$D$393,MATCH(B60,Paletes!$A$5:$A$393,0)),0) | W60: =IF(V60=0,0,J60/V60) | X60: =IF(V60=0,0,MAX(M60,0)/V60)
A61: =B61&"."&IFERROR(MID(D61,FIND("(",D61)+1,FIND(")",D61)-FIND("(",D61)-1),"") -> 73280.78155 | B61: 73280 | C61: VOL CX PORTA/GAVETA COMODA 8GAV 2PTS TORONTO 2021 1,175X0,465X0,170 | D61: (78155)FRASSINO/OFF WHITE | E61: 59518 | F61: UNIDADE DE COMPLEMENTOS | G61: VOLUME | H61: =IFERROR(INDEX(Linha!$B$5:$B$788,MATCH(A61,Linha!$A$5:$A$788,0)),"NÃO CADASTRADO") | I61: =IFERROR(INDEX(Linha!$C$5:$C$788,MATCH(A61,Linha!$A$5:$A$788,0)),"-") | J61: 28 | K61: =IFERROR(INDEX(Linha!$D$5:$D$788,MATCH(A61,Linha!$A$5:$A$788,0))*1,0) | L61: =SUMIFS(Reservas!$K$5:$K$3669,Reservas!$A$5:$A$3669,A61) | M61: =J61-L61 | N61: 44.85 | O61: =J61*N61 | P61: =L61*N61 | Q61: 213.15464 | R61: =J61*Q61 | S61: =L61*Q61 | T61: =IF(J61=0,0,L61/J61) | U61: =IFERROR(INDEX(Paletes!$C$5:$C$393,MATCH(B61,Paletes!$A$5:$A$393,0)),"SEM CADASTRO") | V61: =IFERROR(INDEX(Paletes!$D$5:$D$393,MATCH(B61,Paletes!$A$5:$A$393,0)),0) | W61: =IF(V61=0,0,J61/V61) | X61: =IF(V61=0,0,MAX(M61,0)/V61)
A62: =B62&"."&IFERROR(MID(D62,FIND("(",D62)+1,FIND(")",D62)-FIND("(",D62)-1),"") -> 2102.12834 | B62: 2102 | C62: VOL CX GR 6 PTS ARIES 2021 TAMPO 2,470X0,510X0,087 | D62: (12834)AMENDOA CLEAN | E62: 59624 | F62: UNIDADE GUARDA ROUPAS | G62: VOLUME | H62: =IFERROR(INDEX(Linha!$B$5:$B$788,MATCH(A62,Linha!$A$5:$A$788,0)),"NÃO CADASTRADO") | I62: =IFERROR(INDEX(Linha!$C$5:$C$788,MATCH(A62,Linha!$A$5:$A$788,0)),"-") | J62: 665 | K62: =IFERROR(INDEX(Linha!$D$5:$D$788,MATCH(A62,Linha!$A$5:$A$788,0))*1,0) | L62: =SUMIFS(Reservas!$K$5:$K$3669,Reservas!$A$5:$A$3669,A62) | M62: =J62-L62 | N62: 50.018 | O62: =J62*N62 | P62: =L62*N62 | Q62: 225.70788 | R62: =J62*Q62 | S62: =L62*Q62 | T62: =IF(J62=0,0,L62/J62) | U62: =IFERROR(INDEX(Paletes!$C$5:$C$393,MATCH(B62,Paletes!$A$5:$A$393,0)),"SEM CADASTRO") | V62: =IFERROR(INDEX(Paletes!$D$5:$D$393,MATCH(B62,Paletes!$A$5:$A$393,0)),0) | W62: =IF(V62=0,0,J62/V62) | X62: =IF(V62=0,0,MAX(M62,0)/V62)
A63: =B63&"."&IFERROR(MID(D63,FIND("(",D63)+1,FIND(")",D63)-FIND("(",D63)-1),"") -> 2102.12836 | B63: 2102 | C63: VOL CX GR 6 PTS ARIES 2021 TAMPO 2,470X0,510X0,087 | D63: (12836)BRANCO | E63: 59624 | F63: UNIDADE GUARDA ROUPAS | G63: VOLUME | H63: =IFERROR(INDEX(Linha!$B$5:$B$788,MATCH(A63,Linha!$A$5:$A$788,0)),"NÃO CADASTRADO") | I63: =IFERROR(INDEX(Linha!$C$5:$C$788,MATCH(A63,Linha!$A$5:$A$788,0)),"-") | J63: 5 | K63: =IFERROR(INDEX(Linha!$D$5:$D$788,MATCH(A63,Linha!$A$5:$A$788,0))*1,0) | L63: =SUMIFS(Reservas!$K$5:$K$3669,Reservas!$A$5:$A$3669,A63) | M63: =J63-L63 | N63: 50.018 | O63: =J63*N63 | P63: =L63*N63 | Q63: 212.85311 | R63: =J63*Q63 | S63: =L63*Q63 | T63: =IF(J63=0,0,L63/J63) | U63: =IFERROR(INDEX(Paletes!$C$5:$C$393,MATCH(B63,Paletes!$A$5:$A$393,0)),"SEM CADASTRO") | V63: =IFERROR(INDEX(Paletes!$D$5:$D$393,MATCH(B63,Paletes!$A$5:$A$393,0)),0) | W63: =IF(V63=0,0,J63/V63) | X63: =IF(V63=0,0,MAX(M63,0)/V63)
A64: =B64&"."&IFERROR(MID(D64,FIND("(",D64)+1,FIND(")",D64)-FIND("(",D64)-1),"") -> 274.12236 | B64: 274 | C64: VOL CX GR 6 PTS ALONZO 2021 T/F 2,310X0,461X0,101 | D64: (12236)AMENDOA CLEAN | E64: 59947 | F64: UNIDADE GUARDA ROUPAS | G64: VOLUME | H64: =IFERROR(INDEX(Linha!$B$5:$B$788,MATCH(A64,Linha!$A$5:$A$788,0)),"NÃO CADASTRADO") | I64: =IFERROR(INDEX(Linha!$C$5:$C$788,MATCH(A64,Linha!$A$5:$A$788,0)),"-") | J64: 1109 | K64: =IFERROR(INDEX(Linha!$D$5:$D$788,MATCH(A64,Linha!$A$5:$A$788,0))*1,0) | L64: =SUMIFS(Reservas!$K$5:$K$3669,Reservas!$A$5:$A$3669,A64) | M64: =J64-L64 | N64: 49.725 | O64: =J64*N64 | P64: =L64*N64 | Q64: 203.8078 | R64: =J64*Q64 | S64: =L64*Q64 | T64: =IF(J64=0,0,L64/J64) | U64: =IFERROR(INDEX(Paletes!$C$5:$C$393,MATCH(B64,Paletes!$A$5:$A$393,0)),"SEM CADASTRO") | V64: =IFERROR(INDEX(Paletes!$D$5:$D$393,MATCH(B64,Paletes!$A$5:$A$393,0)),0) | W64: =IF(V64=0,0,J64/V64) | X64: =IF(V64=0,0,MAX(M64,0)/V64)
A65: =B65&"."&IFERROR(MID(D65,FIND("(",D65)+1,FIND(")",D65)-FIND("(",D65)-1),"") -> 2109.13733 | B65: 2109 | C65: VOL CX GR 6 PTS BERTHA DIV/GAV 2,155X0,510X0,087 | D65: (13733)AMENDOA CLEAN | E65: 72915 | F65: UNIDADE GUARDA ROUPAS | G65: VOLUME | H65: =IFERROR(INDEX(Linha!$B$5:$B$788,MATCH(A65,Linha!$A$5:$A$788,0)),"NÃO CADASTRADO") | I65: =IFERROR(INDEX(Linha!$C$5:$C$788,MATCH(A65,Linha!$A$5:$A$788,0)),"-") | J65: 923 | K65: =IFERROR(INDEX(Linha!$D$5:$D$788,MATCH(A65,Linha!$A$5:$A$788,0))*1,0) | L65: =SUMIFS(Reservas!$K$5:$K$3669,Reservas!$A$5:$A$3669,A65) | M65: =J65-L65 | N65: 44.167 | O65: =J65*N65 | P65: =L65*N65 | Q65: 164.33676 | R65: =J65*Q65 | S65: =L65*Q65 | T65: =IF(J65=0,0,L65/J65) | U65: =IFERROR(INDEX(Paletes!$C$5:$C$393,MATCH(B65,Paletes!$A$5:$A$393,0)),"SEM CADASTRO") | V65: =IFERROR(INDEX(Paletes!$D$5:$D$393,MATCH(B65,Paletes!$A$5:$A$393,0)),0) | W65: =IF(V65=0,0,J65/V65) | X65: =IF(V65=0,0,MAX(M65,0)/V65)
A66: =B66&"."&IFERROR(MID(D66,FIND("(",D66)+1,FIND(")",D66)-FIND("(",D66)-1),"") -> 2109.13735 | B66: 2109 | C66: VOL CX GR 6 PTS BERTHA DIV/GAV 2,155X0,510X0,087 | D66: (13735)FRASSINO | E66: 72915 | F66: UNIDADE GUARDA ROUPAS | G66: VOLUME | H66: =IFERROR(INDEX(Linha!$B$5:$B$788,MATCH(A66,Linha!$A$5:$A$788,0)),"NÃO CADASTRADO") | I66: =IFERROR(INDEX(Linha!$C$5:$C$788,MATCH(A66,Linha!$A$5:$A$788,0)),"-") | J66: 16 | K66: =IFERROR(INDEX(Linha!$D$5:$D$788,MATCH(A66,Linha!$A$5:$A$788,0))*1,0) | L66: =SUMIFS(Reservas!$K$5:$K$3669,Reservas!$A$5:$A$3669,A66) | M66: =J66-L66 | N66: 44.167 | O66: =J66*N66 | P66: =L66*N66 | Q66: 167.01883 | R66: =J66*Q66 | S66: =L66*Q66 | T66: =IF(J66=0,0,L66/J66) | U66: =IFERROR(INDEX(Paletes!$C$5:$C$393,MATCH(B66,Paletes!$A$5:$A$393,0)),"SEM CADASTRO") | V66: =IFERROR(INDEX(Paletes!$D$5:$D$393,MATCH(B66,Paletes!$A$5:$A$393,0)),0) | W66: =IF(V66=0,0,J66/V66) | X66: =IF(V66=0,0,MAX(M66,0)/V66)
A67: =B67&"."&IFERROR(MID(D67,FIND("(",D67)+1,FIND(")",D67)-FIND("(",D67)-1),"") -> 73540.16026 | B67: 73540 | C67: VOL CX ASSENTO/ENCOSTO CAD ATHENAS C/20,455X0,455X0,125 | D67: (16026)CORINO CARAMELO | E67: 73512 | F67: UNIDADE DE SALAS | G67: VOLUME | H67: =IFERROR(INDEX(Linha!$B$5:$B$788,MATCH(A67,Linha!$A$5:$A$788,0)),"NÃO CADASTRADO") | I67: =IFERROR(INDEX(Linha!$C$5:$C$788,MATCH(A67,Linha!$A$5:$A$788,0)),"-") | J67: 18 | K67: =IFERROR(INDEX(Linha!$D$5:$D$788,MATCH(A67,Linha!$A$5:$A$788,0))*1,0) | L67: =SUMIFS(Reservas!$K$5:$K$3669,Reservas!$A$5:$A$3669,A67) | M67: =J67-L67 | N67: 3.9 | O67: =J67*N67 | P67: =L67*N67 | Q67: 28.935813 | R67: =J67*Q67 | S67: =L67*Q67 | T67: =IF(J67=0,0,L67/J67) | U67: =IFERROR(INDEX(Paletes!$C$5:$C$393,MATCH(B67,Paletes!$A$5:$A$393,0)),"SEM CADASTRO") | V67: =IFERROR(INDEX(Paletes!$D$5:$D$393,MATCH(B67,Paletes!$A$5:$A$393,0)),0) | W67: =IF(V67=0,0,J67/V67) | X67: =IF(V67=0,0,MAX(M67,0)/V67)
A68: =B68&"."&IFERROR(MID(D68,FIND("(",D68)+1,FIND(")",D68)-FIND("(",D68)-1),"") -> 2345.13525 | B68: 2345 | C68: VOL CX GR 3 PTS SAION/ZION LAT 2,255X0,530X0,097 | D68: (13525)AMENDOA CLEAN | E68: 73906 | F68: UNIDADE GUARDA ROUPAS | G68: VOLUME | H68: =IFERROR(INDEX(Linha!$B$5:$B$788,MATCH(A68,Linha!$A$5:$A$788,0)),"NÃO CADASTRADO") | I68: =IFERROR(INDEX(Linha!$C$5:$C$788,MATCH(A68,Linha!$A$5:$A$788,0)),"-") | J68: 50 | K68: =IFERROR(INDEX(Linha!$D$5:$D$788,MATCH(A68,Linha!$A$5:$A$788,0))*1,0) | L68: =SUMIFS(Reservas!$K$5:$K$3669,Reservas!$A$5:$A$3669,A68) | M68: =J68-L68 | N68: 55.38 | O68: =J68*N68 | P68: =L68*N68 | Q68: 151.85931 | R68: =J68*Q68 | S68: =L68*Q68 | T68: =IF(J68=0,0,L68/J68) | U68: =IFERROR(INDEX(Paletes!$C$5:$C$393,MATCH(B68,Paletes!$A$5:$A$393,0)),"SEM CADASTRO") | V68: =IFERROR(INDEX(Paletes!$D$5:$D$393,MATCH(B68,Paletes!$A$5:$A$393,0)),0) | W68: =IF(V68=0,0,J68/V68) | X68: =IF(V68=0,0,MAX(M68,0)/V68)
... A91: =B91&"."&IFERROR(MID(D91,FIND("(",D91)+1,FIND(")",D91)-FIND("(",D91)-1),"") -> 87562.93214 | B91: 87562 | C91: VOL CX GR 6PTS SUAVITA PORTAS MDF 2,260X0,465X0,105 | D91: (93214)OFF WHITE | E91: 105092 | F91: UNIDADE GUARDA ROUPAS | G91: VOLUME | H91: =IFERROR(INDEX(Linha!$B$5:$B$788,MATCH(A91,Linha!$A$5:$A$788,0)),"NÃO CADASTRADO") | I91: =IFERROR(INDEX(Linha!$C$5:$C$788,MATCH(A91,Linha!$A$5:$A$788,0)),"-") | J91: 32 | K91: =IFERROR(INDEX(Linha!$D$5:$D$788,MATCH(A91,Linha!$A$5:$A$788,0))*1,0) | L91: =SUMIFS(Reservas!$K$5:$K$3669,Reservas!$A$5:$A$3669,A91) | M91: =J91-L91 | N91: 61.425 | O91: =J91*N91 | P91: =L91*N91 | Q91: 210.32062 | R91: =J91*Q91 | S91: =L91*Q91 | T91: =IF(J91=0,0,L91/J91) | U91: =IFERROR(INDEX(Paletes!$C$5:$C$393,MATCH(B91,Paletes!$A$5:$A$393,0)),"SEM CADASTRO") | V91: =IFERROR(INDEX(Paletes!$D$5:$D$393,MATCH(B91,Paletes!$A$5:$A$393,0)),0) | W91: =IF(V91=0,0,J91/V91) | X91: =IF(V91=0,0,MAX(M91,0)/V91)
A92: =B92&"."&IFERROR(MID(D92,FIND("(",D92)+1,FIND(")",D92)-FIND("(",D92)-1),"") -> 97299.99826 | B92: 97299 | C92: VOL CX BARRA CAMA CASAL ATHENAS 2022 EXP 1,975X0,340X0,080 | D92: (99826)AMENDOA CLEAN#C/LOGO | F92: UNIDADE DE COMPLEMENTOS | G92: VOLUME | H92: =IFERROR(INDEX(Linha!$B$5:$B$788,MATCH(A92,Linha!$A$5:$A$788,0)),"NÃO CADASTRADO") | I92: =IFERROR(INDEX(Linha!$C$5:$C$788,MATCH(A92,Linha!$A$5:$A$788,0)),"-") | J92: 0 | K92: =IFERROR(INDEX(Linha!$D$5:$D$788,MATCH(A92,Linha!$A$5:$A$788,0))*1,0) | L92: =SUMIFS(Reservas!$K$5:$K$3669,Reservas!$A$5:$A$3669,A92) | M92: =J92-L92 | N92: 25.35 | O92: =J92*N92 | P92: =L92*N92 | Q92: 67.555713 | R92: =J92*Q92 | S92: =L92*Q92 | T92: =IF(J92=0,0,L92/J92) | U92: =IFERROR(INDEX(Paletes!$C$5:$C$393,MATCH(B92,Paletes!$A$5:$A$393,0)),"SEM CADASTRO") | V92: =IFERROR(INDEX(Paletes!$D$5:$D$393,MATCH(B92,Paletes!$A$5:$A$393,0)),0) | W92: =IF(V92=0,0,J92/V92) | X92: =IF(V92=0,0,MAX(M92,0)/V92)
A93: =B93&"."&IFERROR(MID(D93,FIND("(",D93)+1,FIND(")",D93)-FIND("(",D93)-1),"") -> 97300.99825 | B93: 97300 | C93: VOL CX CAB/PES CAMA CASAL ATHENAS PLUS EXP 1,290X0,460X0,057 | D93: (99825)AMENDOA CLEAN/OFF WH#C/LOGO | F93: UNIDADE DE COMPLEMENTOS | G93: VOLUME | H93: =IFERROR(INDEX(Linha!$B$5:$B$788,MATCH(A93,Linha!$A$5:$A$788,0)),"NÃO CADASTRADO") | I93: =IFERROR(INDEX(Linha!$C$5:$C$788,MATCH(A93,Linha!$A$5:$A$788,0)),"-") | J93: 86 | K93: =IFERROR(INDEX(Linha!$D$5:$D$788,MATCH(A93,Linha!$A$5:$A$788,0))*1,0) | L93: =SUMIFS(Reservas!$K$5:$K$3669,Reservas!$A$5:$A$3669,A93) | M93: =J93-L93 | N93: 12.96 | O93: =J93*N93 | P93: =L93*N93 | Q93: 48.525957 | R93: =J93*Q93 | S93: =L93*Q93 | T93: =IF(J93=0,0,L93/J93) | U93: =IFERROR(INDEX(Paletes!$C$5:$C$393,MATCH(B93,Paletes!$A$5:$A$393,0)),"SEM CADASTRO") | V93: =IFERROR(INDEX(Paletes!$D$5:$D$393,MATCH(B93,Paletes!$A$5:$A$393,0)),0) | W93: =IF(V93=0,0,J93/V93) | X93: =IF(V93=0,0,MAX(M93,0)/V93)
A94: =B94&"."&IFERROR(MID(D94,FIND("(",D94)+1,FIND(")",D94)-FIND("(",D94)-1),"") -> 73189.16643 | B94: 73189 | C94: VOL CX SAPATEIRA ESTHELA 2024 1,898X0,625X0,107 | D94: (16643)FRASSINO | E94: 91018 | F94: UNIDADE DE COMPLEMENTOS | G94: VOLUME | H94: =IFERROR(INDEX(Linha!$B$5:$B$788,MATCH(A94,Linha!$A$5:$A$788,0)),"NÃO CADASTRADO") | I94: =IFERROR(INDEX(Linha!$C$5:$C$788,MATCH(A94,Linha!$A$5:$A$788,0)),"-") | J94: 5 | K94: =IFERROR(INDEX(Linha!$D$5:$D$788,MATCH(A94,Linha!$A$5:$A$788,0))*1,0) | L94: =SUMIFS(Reservas!$K$5:$K$3669,Reservas!$A$5:$A$3669,A94) | M94: =J94-L94 | N94: 32.175 | O94: =J94*N94 | P94: =L94*N94 | Q94: 146.98804 | R94: =J94*Q94 | S94: =L94*Q94 | T94: =IF(J94=0,0,L94/J94) | U94: =IFERROR(INDEX(Paletes!$C$5:$C$393,MATCH(B94,Paletes!$A$5:$A$393,0)),"SEM CADASTRO") | V94: =IFERROR(INDEX(Paletes!$D$5:$D$393,MATCH(B94,Paletes!$A$5:$A$393,0)),0) | W94: =IF(V94=0,0,J94/V94) | X94: =IF(V94=0,0,MAX(M94,0)/V94)
A95: =B95&"."&IFERROR(MID(D95,FIND("(",D95)+1,FIND(")",D95)-FIND("(",D95)-1),"") -> 77197.13224 | B95: 77197 | C95: VOL CX GR 6 PTS OLLIE 2024 C/2 PORTAS RIPADA 2,295X0,455X0,060 | D95: (13224)AMENDOA CLEAN | E95: 91522 | F95: UNIDADE GUARDA ROUPAS | G95: VOLUME | H95: =IFERROR(INDEX(Linha!$B$5:$B$788,MATCH(A95,Linha!$A$5:$A$788,0)),"NÃO CADASTRADO") | I95: =IFERROR(INDEX(Linha!$C$5:$C$788,MATCH(A95,Linha!$A$5:$A$788,0)),"-") | J95: 88 | K95: =IFERROR(INDEX(Linha!$D$5:$D$788,MATCH(A95,Linha!$A$5:$A$788,0))*1,0) | L95: =SUMIFS(Reservas!$K$5:$K$3669,Reservas!$A$5:$A$3669,A95) | M95: =J95-L95 | N95: 28.27 | O95: =J95*N95 | P95: =L95*N95 | Q95: 121.14239 | R95: =J95*Q95 | S95: =L95*Q95 | T95: =IF(J95=0,0,L95/J95) | U95: =IFERROR(INDEX(Paletes!$C$5:$C$393,MATCH(B95,Paletes!$A$5:$A$393,0)),"SEM CADASTRO") | V95: =IFERROR(INDEX(Paletes!$D$5:$D$393,MATCH(B95,Paletes!$A$5:$A$393,0)),0) | W95: =IF(V95=0,0,J95/V95) | X95: =IF(V95=0,0,MAX(M95,0)/V95)
A96: =B96&"."&IFERROR(MID(D96,FIND("(",D96)+1,FIND(")",D96)-FIND("(",D96)-1),"") -> 81935.32027 | B96: 81935 | C96: VOL CX COMODA LOOP II TAMPO/DIV 1,590X0,492X0,100 | D96: (32027)AMENDOA CLEAN/SALVIA | E96: 93682 | F96: UNIDADE DE COMPLEMENTOS | G96: VOLUME | H96: =IFERROR(INDEX(Linha!$B$5:$B$788,MATCH(A96,Linha!$A$5:$A$788,0)),"NÃO CADASTRADO") | I96: =IFERROR(INDEX(Linha!$C$5:$C$788,MATCH(A96,Linha!$A$5:$A$788,0)),"-") | J96: 3 | K96: =IFERROR(INDEX(Linha!$D$5:$D$788,MATCH(A96,Linha!$A$5:$A$788,0))*1,0) | L96: =SUMIFS(Reservas!$K$5:$K$3669,Reservas!$A$5:$A$3669,A96) | M96: =J96-L96 | N96: 36.562 | O96: =J96*N96 | P96: =L96*N96 | Q96: 171.84236 | R96: =J96*Q96 | S96: =L96*Q96 | T96: =IF(J96=0,0,L96/J96) | U96: =IFERROR(INDEX(Paletes!$C$5:$C$393,MATCH(B96,Paletes!$A$5:$A$393,0)),"SEM CADASTRO") | V96: =IFERROR(INDEX(Paletes!$D$5:$D$393,MATCH(B96,Paletes!$A$5:$A$393,0)),0) | W96: =IF(V96=0,0,J96/V96) | X96: =IF(V96=0,0,MAX(M96,0)/V96)
A97: =B97&"."&IFERROR(MID(D97,FIND("(",D97)+1,FIND(")",D97)-FIND("(",D97)-1),"") -> 84911.31287 | B97: 84911 | C97: VOL CX PAINEL CAMA CASAL 1,40 LOOP 2025 1,535X0,730X0,117 | D97: (31287)AMENDOA CLEAN#BOUCLE SALVIA | E97: 96437 | F97: UNIDADE DE COMPLEMENTOS | G97: VOLUME | H97: =IFERROR(INDEX(Linha!$B$5:$B$788,MATCH(A97,Linha!$A$5:$A$788,0)),"NÃO CADASTRADO") | I97: =IFERROR(INDEX(Linha!$C$5:$C$788,MATCH(A97,Linha!$A$5:$A$788,0)),"-") | J97: 50 | K97: =IFERROR(INDEX(Linha!$D$5:$D$788,MATCH(A97,Linha!$A$5:$A$788,0))*1,0) | L97: =SUMIFS(Reservas!$K$5:$K$3669,Reservas!$A$5:$A$3669,A97) | M97: =J97-L97 | N97: 34.222 | O97: =J97*N97 | P97: =L97*N97 | Q97: 149.87469 | R97: =J97*Q97 | S97: =L97*Q97 | T97: =IF(J97=0,0,L97/J97) | U97: =IFERROR(INDEX(Paletes!$C$5:$C$393,MATCH(B97,Paletes!$A$5:$A$393,0)),"SEM CADASTRO") | V97: =IFERROR(INDEX(Paletes!$D$5:$D$393,MATCH(B97,Paletes!$A$5:$A$393,0)),0) | W97: =IF(V97=0,0,J97/V97) | X97: =IF(V97=0,0,MAX(M97,0)/V97)
A98: =B98&"."&IFERROR(MID(D98,FIND("(",D98)+1,FIND(")",D98)-FIND("(",D98)-1),"") -> 84901.31284 | B98: 84901 | C98: VOL CX BARRA CAMA CASAL 1,40 LOOP/LEDER 2025 2,018X0,357X0,105 | D98: (31284)BRANCO | E98: 96436 | F98: UNIDADE DE COMPLEMENTOS | G98: VOLUME | H98: =IFERROR(INDEX(Linha!$B$5:$B$788,MATCH(A98,Linha!$A$5:$A$788,0)),"NÃO CADASTRADO") | I98: =IFERROR(INDEX(Linha!$C$5:$C$788,MATCH(A98,Linha!$A$5:$A$788,0)),"-") | J98: 180 | K98: =IFERROR(INDEX(Linha!$D$5:$D$788,MATCH(A98,Linha!$A$5:$A$788,0))*1,0) | L98: =SUMIFS(Reservas!$K$5:$K$3669,Reservas!$A$5:$A$3669,A98) | M98: =J98-L98 | N98: 36.66 | O98: =J98*N98 | P98: =L98*N98 | Q98: 182.66425 | R98: =J98*Q98 | S98: =L98*Q98 | T98: =IF(J98=0,0,L98/J98) | U98: =IFERROR(INDEX(Paletes!$C$5:$C$393,MATCH(B98,Paletes!$A$5:$A$393,0)),"SEM CADASTRO") | V98: =IFERROR(INDEX(Paletes!$D$5:$D$393,MATCH(B98,Paletes!$A$5:$A$393,0)),0) | W98: =IF(V98=0,0,J98/V98) | X98: =IF(V98=0,0,MAX(M98,0)/V98)
A99: =B99&"."&IFERROR(MID(D99,FIND("(",D99)+1,FIND(")",D99)-FIND("(",D99)-1),"") -> 84773.30615 | B99: 84773 | C99: VOL CX PRAT GR 08 PTS ERGON 0,745X0,485X0,193 | D99: (30615)FRASSINO | E99: 96503 | F99: UNIDADE GUARDA ROUPAS | G99: VOLUME | H99: =IFERROR(INDEX(Linha!$B$5:$B$788,MATCH(A99,Linha!$A$5:$A$788,0)),"NÃO CADASTRADO") | I99: =IFERROR(INDEX(Linha!$C$5:$C$788,MATCH(A99,Linha!$A$5:$A$788,0)),"-") | J99: 69 | K99: =IFERROR(INDEX(Linha!$D$5:$D$788,MATCH(A99,Linha!$A$5:$A$788,0))*1,0) | L99: =SUMIFS(Reservas!$K$5:$K$3669,Reservas!$A$5:$A$3669,A99) | M99: =J99-L99 | N99: 33.978 | O99: =J99*N99 | P99: =L99*N99 | Q99: 117.61505 | R99: =J99*Q99 | S99: =L99*Q99 | T99: =IF(J99=0,0,L99/J99) | U99: =IFERROR(INDEX(Paletes!$C$5:$C$393,MATCH(B99,Paletes!$A$5:$A$393,0)),"SEM CADASTRO") | V99: =IFERROR(INDEX(Paletes!$D$5:$D$393,MATCH(B99,Paletes!$A$5:$A$393,0)),0) | W99: =IF(V99=0,0,J99/V99) | X99: =IF(V99=0,0,MAX(M99,0)/V99)
A100: =B100&"."&IFERROR(MID(D100,FIND("(",D100)+1,FIND(")",D100)-FIND("(",D100)-1),"") -> 85436.46143 | B100: 85436 | C100: VOL CX CADEIRA LUAR C/06 0,530X0,495X0,160 | D100: (46143)AMENDOA CLEAN | E100: 97774 | F100: UNIDADE DE SALAS | G100: VOLUME | H100: =IFERROR(INDEX(Linha!$B$5:$B$788,MATCH(A100,Linha!$A$5:$A$788,0)),"NÃO CADASTRADO") | I100: =IFERROR(INDEX(Linha!$C$5:$C$788,MATCH(A100,Linha!$A$5:$A$788,0)),"-") | J100: 150 | K100: =IFERROR(INDEX(Linha!$D$5:$D$788,MATCH(A100,Linha!$A$5:$A$788,0))*1,0) | L100: =SUMIFS(Reservas!$K$5:$K$3669,Reservas!$A$5:$A$3669,A100) | M100: =J100-L100 | N100: 18.183 | O100: =J100*N100 | P100: =L100*N100 | Q100: 128.23129 | R100: =J100*Q100 | S100: =L100*Q100 | T100: =IF(J100=0,0,L100/J100) | U100: =IFERROR(INDEX(Paletes!$C$5:$C$393,MATCH(B100,Paletes!$A$5:$A$393,0)),"SEM CADASTRO") | V100: =IFERROR(INDEX(Paletes!$D$5:$D$393,MATCH(B100,Paletes!$A$5:$A$393,0)),0) | W100: =IF(V100=0,0,J100/V100) | X100: =IF(V100=0,0,MAX(M100,0)/V100)
A101: =B101&"."&IFERROR(MID(D101,FIND("(",D101)+1,FIND(")",D101)-FIND("(",D101)-1),"") -> 86324.69481 | B101: 86324 | C101: VOL CX GR 2PTS QUADRIX/PAMPULHA 1 PORTA MDF 2,190X0,750X0,055 | D101: (69481)AMENDOA CLEAN/OFF WH | E101: 100435 | F101: UNIDADE GUARDA ROUPAS | G101: VOLUME | H101: =IFERROR(INDEX(Linha!$B$5:$B$788,MATCH(A101,Linha!$A$5:$A$788,0)),"NÃO CADASTRADO") | I101: =IFERROR(INDEX(Linha!$C$5:$C$788,MATCH(A101,Linha!$A$5:$A$788,0)),"-") | J101: 250 | K101: =IFERROR(INDEX(Linha!$D$5:$D$788,MATCH(A101,Linha!$A$5:$A$788,0))*1,0) | L101: =SUMIFS(Reservas!$K$5:$K$3669,Reservas!$A$5:$A$3669,A101) | M101: =J101-L101 | N101: 15.161 | O101: =J101*N101 | P101: =L101*N101 | Q101: 70.830448 | R101: =J101*Q101 | S101: =L101*Q101 | T101: =IF(J101=0,0,L101/J101) | U101: =IFERROR(INDEX(Paletes!$C$5:$C$393,MATCH(B101,Paletes!$A$5:$A$393,0)),"SEM CADASTRO") | V101: =IFERROR(INDEX(Paletes!$D$5:$D$393,MATCH(B101,Paletes!$A$5:$A$393,0)),0) | W101: =IF(V101=0,0,J101/V101) | X101: =IF(V101=0,0,MAX(M101,0)/V101)
A102: =B102&"."&IFERROR(MID(D102,FIND("(",D102)+1,FIND(")",D102)-FIND("(",D102)-1),"") -> 73081.15967 | B102: 73081 | C102: VOL CX PES REALI PLUS/SPECIALE CASAL 1,40 1,435X0,265X0,130 | D102: (15967)FRASSINO | E102: 40559 | F102: UNIDADE DE COMPLEMENTOS | G102: VOLUME | H102: =IFERROR(INDEX(Linha!$B$5:$B$788,MATCH(A102,Linha!$A$5:$A$788,0)),"NÃO CADASTRADO") | I102: =IFERROR(INDEX(Linha!$C$5:$C$788,MATCH(A102,Linha!$A$5:$A$788,0)),"-") | J102: 54 | K102: =IFERROR(INDEX(Linha!$D$5:$D$788,MATCH(A102,Linha!$A$5:$A$788,0))*1,0) | L102: =SUMIFS(Reservas!$K$5:$K$3669,Reservas!$A$5:$A$3669,A102) | M102: =J102-L102 | N102: 18.78 | O102: =J102*N102 | P102: =L102*N102 | Q102: 128.18807 | R102: =J102*Q102 | S102: =L102*Q102 | T102: =IF(J102=0,0,L102/J102) | U102: =IFERROR(INDEX(Paletes!$C$5:$C$393,MATCH(B102,Paletes!$A$5:$A$393,0)),"SEM CADASTRO") | V102: =IFERROR(INDEX(Paletes!$D$5:$D$393,MATCH(B102,Paletes!$A$5:$A$393,0)),0) | W102: =IF(V102=0,0,J102/V102) | X102: =IF(V102=0,0,MAX(M102,0)/V102)
A103: =B103&"."&IFERROR(MID(D103,FIND("(",D103)+1,FIND(")",D103)-FIND("(",D103)-1),"") -> 73176.16193 | B103: 73176 | C103: VOL CX PAINEL REALI SOLT 0,90 PLUS 0,895X0,710X0,025 | D103: (16193)FRASSINO | E103: 40567 | F103: UNIDADE DE COMPLEMENTOS | G103: VOLUME | H103: =IFERROR(INDEX(Linha!$B$5:$B$788,MATCH(A103,Linha!$A$5:$A$788,0)),"NÃO CADASTRADO") | I103: =IFERROR(INDEX(Linha!$C$5:$C$788,MATCH(A103,Linha!$A$5:$A$788,0)),"-") | J103: 58 | K103: =IFERROR(INDEX(Linha!$D$5:$D$788,MATCH(A103,Linha!$A$5:$A$788,0))*1,0) | L103: =SUMIFS(Reservas!$K$5:$K$3669,Reservas!$A$5:$A$3669,A103) | M103: =J103-L103 | N103: 6.83 | O103: =J103*N103 | P103: =L103*N103 | Q103: 27.097227 | R103: =J103*Q103 | S103: =L103*Q103 | T103: =IF(J103=0,0,L103/J103) | U103: =IFERROR(INDEX(Paletes!$C$5:$C$393,MATCH(B103,Paletes!$A$5:$A$393,0)),"SEM CADASTRO") | V103: =IFERROR(INDEX(Paletes!$D$5:$D$393,MATCH(B103,Paletes!$A$5:$A$393,0)),0) | W103: =IF(V103=0,0,J103/V103) | X103: =IF(V103=0,0,MAX(M103,0)/V103)
A104: =B104&"."&IFERROR(MID(D104,FIND("(",D104)+1,FIND(")",D104)-FIND("(",D104)-1),"") -> 73175.15748 | B104: 73175 | C104: VOL CX PES REALI PLUS/SPECIALE SOLT 0,90 1,240X0,260X0,124 | D104: (15748)FRASSINO | E104: 40568 | F104: UNIDADE DE COMPLEMENTOS | G104: VOLUME | H104: =IFERROR(INDEX(Linha!$B$5:$B$788,MATCH(A104,Linha!$A$5:$A$788,0)),"NÃO CADASTRADO") | I104: =IFERROR(INDEX(Linha!$C$5:$C$788,MATCH(A104,Linha!$A$5:$A$788,0)),"-") | J104: 58 | K104: =IFERROR(INDEX(Linha!$D$5:$D$788,MATCH(A104,Linha!$A$5:$A$788,0))*1,0) | L104: =SUMIFS(Reservas!$K$5:$K$3669,Reservas!$A$5:$A$3669,A104) | M104: =J104-L104 | N104: 16.09 | O104: =J104*N104 | P104: =L104*N104 | Q104: 116.25198 | R104: =J104*Q104 | S104: =L104*Q104 | T104: =IF(J104=0,0,L104/J104) | U104: =IFERROR(INDEX(Paletes!$C$5:$C$393,MATCH(B104,Paletes!$A$5:$A$393,0)),"SEM CADASTRO") | V104: =IFERROR(INDEX(Paletes!$D$5:$D$393,MATCH(B104,Paletes!$A$5:$A$393,0)),0) | W104: =IF(V104=0,0,J104/V104) | X104: =IF(V104=0,0,MAX(M104,0)/V104)
A105: =B105&"."&IFERROR(MID(D105,FIND("(",D105)+1,FIND(")",D105)-FIND("(",D105)-1),"") -> 73145.23978 | B105: 73145 | C105: VOL CX PES ATHENAS SOLT 0,90 PLUS 1,210X0,275X0,100 | D105: (23978)BRANCO | E105: 40598 | F105: UNIDADE DE COMPLEMENTOS | G105: VOLUME | H105: =IFERROR(INDEX(Linha!$B$5:$B$788,MATCH(A105,Linha!$A$5:$A$788,0)),"NÃO CADASTRADO") | I105: =IFERROR(INDEX(Linha!$C$5:$C$788,MATCH(A105,Linha!$A$5:$A$788,0)),"-") | J105: 319 | K105: =IFERROR(INDEX(Linha!$D$5:$D$788,MATCH(A105,Linha!$A$5:$A$788,0))*1,0) | L105: =SUMIFS(Reservas!$K$5:$K$3669,Reservas!$A$5:$A$3669,A105) | M105: =J105-L105 | N105: 17.16 | O105: =J105*N105 | P105: =L105*N105 | Q105: 89.151346 | R105: =J105*Q105 | S105: =L105*Q105 | T105: =IF(J105=0,0,L105/J105) | U105: =IFERROR(INDEX(Paletes!$C$5:$C$393,MATCH(B105,Paletes!$A$5:$A$393,0)),"SEM CADASTRO") | V105: =IFERROR(INDEX(Paletes!$D$5:$D$393,MATCH(B105,Paletes!$A$5:$A$393,0)),0) | W105: =IF(V105=0,0,J105/V105) | X105: =IF(V105=0,0,MAX(M105,0)/V105)
... A135: =B135&"."&IFERROR(MID(D135,FIND("(",D135)+1,FIND(")",D135)-FIND("(",D135)-1),"") -> 84885.30944 | B135: 84885 | C135: VOL CX DIV/PRAT GR 06 PTS LEDER 2025 2,275X0,550X0,103 | D135: (30944)FRASSINO | E135: 96635 | F135: UNIDADE GUARDA ROUPAS | G135: VOLUME | H135: =IFERROR(INDEX(Linha!$B$5:$B$788,MATCH(A135,Linha!$A$5:$A$788,0)),"NÃO CADASTRADO") | I135: =IFERROR(INDEX(Linha!$C$5:$C$788,MATCH(A135,Linha!$A$5:$A$788,0)),"-") | J135: 0 | K135: =IFERROR(INDEX(Linha!$D$5:$D$788,MATCH(A135,Linha!$A$5:$A$788,0))*1,0) | L135: =SUMIFS(Reservas!$K$5:$K$3669,Reservas!$A$5:$A$3669,A135) | M135: =J135-L135 | N135: 66.748 | O135: =J135*N135 | P135: =L135*N135 | Q135: 256.2069 | R135: =J135*Q135 | S135: =L135*Q135 | T135: =IF(J135=0,0,L135/J135) | U135: =IFERROR(INDEX(Paletes!$C$5:$C$393,MATCH(B135,Paletes!$A$5:$A$393,0)),"SEM CADASTRO") | V135: =IFERROR(INDEX(Paletes!$D$5:$D$393,MATCH(B135,Paletes!$A$5:$A$393,0)),0) | W135: =IF(V135=0,0,J135/V135) | X135: =IF(V135=0,0,MAX(M135,0)/V135)
A136: =B136&"."&IFERROR(MID(D136,FIND("(",D136)+1,FIND(")",D136)-FIND("(",D136)-1),"") -> 84721. | B136: 84721 | C136: VOL CX C/4 ESPELHOS 1100X344X3MM 1,150X0,400X0,040 | E136: 96493 | F136: UNIDADE GUARDA ROUPAS | G136: VOLUME | H136: =IFERROR(INDEX(Linha!$B$5:$B$788,MATCH(A136,Linha!$A$5:$A$788,0)),"NÃO CADASTRADO") | I136: =IFERROR(INDEX(Linha!$C$5:$C$788,MATCH(A136,Linha!$A$5:$A$788,0)),"-") | J136: 14 | K136: =IFERROR(INDEX(Linha!$D$5:$D$788,MATCH(A136,Linha!$A$5:$A$788,0))*1,0) | L136: =SUMIFS(Reservas!$K$5:$K$3669,Reservas!$A$5:$A$3669,A136) | M136: =J136-L136 | N136: 11.7 | O136: =J136*N136 | P136: =L136*N136 | Q136: 81.79817 | R136: =J136*Q136 | S136: =L136*Q136 | T136: =IF(J136=0,0,L136/J136) | U136: =IFERROR(INDEX(Paletes!$C$5:$C$393,MATCH(B136,Paletes!$A$5:$A$393,0)),"SEM CADASTRO") | V136: =IFERROR(INDEX(Paletes!$D$5:$D$393,MATCH(B136,Paletes!$A$5:$A$393,0)),0) | W136: =IF(V136=0,0,J136/V136) | X136: =IF(V136=0,0,MAX(M136,0)/V136)
A137: =B137&"."&IFERROR(MID(D137,FIND("(",D137)+1,FIND(")",D137)-FIND("(",D137)-1),"") -> 74201.31755 | B137: 74201 | C137: VOL CX COMODA 4 GAV BAIAO 2021 1,020X0,490X0,170 | D137: (31755)BRANCO | E137: 59249 | F137: UNIDADE DE SALAS | G137: VOLUME | H137: =IFERROR(INDEX(Linha!$B$5:$B$788,MATCH(A137,Linha!$A$5:$A$788,0)),"NÃO CADASTRADO") | I137: =IFERROR(INDEX(Linha!$C$5:$C$788,MATCH(A137,Linha!$A$5:$A$788,0)),"-") | J137: 116 | K137: =IFERROR(INDEX(Linha!$D$5:$D$788,MATCH(A137,Linha!$A$5:$A$788,0))*1,0) | L137: =SUMIFS(Reservas!$K$5:$K$3669,Reservas!$A$5:$A$3669,A137) | M137: =J137-L137 | N137: 38.42 | O137: =J137*N137 | P137: =L137*N137 | Q137: 141.42174 | R137: =J137*Q137 | S137: =L137*Q137 | T137: =IF(J137=0,0,L137/J137) | U137: =IFERROR(INDEX(Paletes!$C$5:$C$393,MATCH(B137,Paletes!$A$5:$A$393,0)),"SEM CADASTRO") | V137: =IFERROR(INDEX(Paletes!$D$5:$D$393,MATCH(B137,Paletes!$A$5:$A$393,0)),0) | W137: =IF(V137=0,0,J137/V137) | X137: =IF(V137=0,0,MAX(M137,0)/V137)
A138: =B138&"."&IFERROR(MID(D138,FIND("(",D138)+1,FIND(")",D138)-FIND("(",D138)-1),"") -> 85648.60575 | B138: 85648 | C138: VOL CX BASE MESA 1,20 TESSERA 0,740X0,615X0,615 | D138: (60575)AMENDOA CLEAN | E138: 99953 | F138: UNIDADE DE SALAS | G138: VOLUME | H138: =IFERROR(INDEX(Linha!$B$5:$B$788,MATCH(A138,Linha!$A$5:$A$788,0)),"NÃO CADASTRADO") | I138: =IFERROR(INDEX(Linha!$C$5:$C$788,MATCH(A138,Linha!$A$5:$A$788,0)),"-") | J138: 17 | K138: =IFERROR(INDEX(Linha!$D$5:$D$788,MATCH(A138,Linha!$A$5:$A$788,0))*1,0) | L138: =SUMIFS(Reservas!$K$5:$K$3669,Reservas!$A$5:$A$3669,A138) | M138: =J138-L138 | N138: 11.358 | O138: =J138*N138 | P138: =L138*N138 | Q138: 159.80118 | R138: =J138*Q138 | S138: =L138*Q138 | T138: =IF(J138=0,0,L138/J138) | U138: =IFERROR(INDEX(Paletes!$C$5:$C$393,MATCH(B138,Paletes!$A$5:$A$393,0)),"SEM CADASTRO") | V138: =IFERROR(INDEX(Paletes!$D$5:$D$393,MATCH(B138,Paletes!$A$5:$A$393,0)),0) | W138: =IF(V138=0,0,J138/V138) | X138: =IF(V138=0,0,MAX(M138,0)/V138)
A139: =B139&"."&IFERROR(MID(D139,FIND("(",D139)+1,FIND(")",D139)-FIND("(",D139)-1),"") -> 85543.46224 | B139: 85543 | C139: VOL CX CADEIRA ATHENAS C/4 1,085X0,390X0,140 | D139: (46224)AMENDOA CLEAN | E139: 98497 | F139: UNIDADE DE SALAS | G139: VOLUME | H139: =IFERROR(INDEX(Linha!$B$5:$B$788,MATCH(A139,Linha!$A$5:$A$788,0)),"NÃO CADASTRADO") | I139: =IFERROR(INDEX(Linha!$C$5:$C$788,MATCH(A139,Linha!$A$5:$A$788,0)),"-") | J139: 252 | K139: =IFERROR(INDEX(Linha!$D$5:$D$788,MATCH(A139,Linha!$A$5:$A$788,0))*1,0) | L139: =SUMIFS(Reservas!$K$5:$K$3669,Reservas!$A$5:$A$3669,A139) | M139: =J139-L139 | N139: 24.862 | O139: =J139*N139 | P139: =L139*N139 | Q139: 188.52567 | R139: =J139*Q139 | S139: =L139*Q139 | T139: =IF(J139=0,0,L139/J139) | U139: =IFERROR(INDEX(Paletes!$C$5:$C$393,MATCH(B139,Paletes!$A$5:$A$393,0)),"SEM CADASTRO") | V139: =IFERROR(INDEX(Paletes!$D$5:$D$393,MATCH(B139,Paletes!$A$5:$A$393,0)),0) | W139: =IF(V139=0,0,J139/V139) | X139: =IF(V139=0,0,MAX(M139,0)/V139)
A140: =B140&"."&IFERROR(MID(D140,FIND("(",D140)+1,FIND(")",D140)-FIND("(",D140)-1),"") -> 87462.91603 | B140: 87462 | C140: VOL CX GR 8PTS SERENATA DIV/COSTAS 1,970X0,595X0,080 | D140: (91603)AMENDOA CLEAN | E140: 99469 | F140: UNIDADE GUARDA ROUPAS | G140: VOLUME | H140: =IFERROR(INDEX(Linha!$B$5:$B$788,MATCH(A140,Linha!$A$5:$A$788,0)),"NÃO CADASTRADO") | I140: =IFERROR(INDEX(Linha!$C$5:$C$788,MATCH(A140,Linha!$A$5:$A$788,0)),"-") | J140: 381 | K140: =IFERROR(INDEX(Linha!$D$5:$D$788,MATCH(A140,Linha!$A$5:$A$788,0))*1,0) | L140: =SUMIFS(Reservas!$K$5:$K$3669,Reservas!$A$5:$A$3669,A140) | M140: =J140-L140 | N140: 48.262 | O140: =J140*N140 | P140: =L140*N140 | Q140: 159.16812 | R140: =J140*Q140 | S140: =L140*Q140 | T140: =IF(J140=0,0,L140/J140) | U140: =IFERROR(INDEX(Paletes!$C$5:$C$393,MATCH(B140,Paletes!$A$5:$A$393,0)),"SEM CADASTRO") | V140: =IFERROR(INDEX(Paletes!$D$5:$D$393,MATCH(B140,Paletes!$A$5:$A$393,0)),0) | W140: =IF(V140=0,0,J140/V140) | X140: =IF(V140=0,0,MAX(M140,0)/V140)
A141: =B141&"."&IFERROR(MID(D141,FIND("(",D141)+1,FIND(")",D141)-FIND("(",D141)-1),"") -> 85644.48775 | B141: 85644 | C141: VOL CX CADEIRA TESSERA C/6 0,540X0,435X0,197 | D141: (48775)AMENDOA CLEAN | E141: 99901 | F141: UNIDADE DE SALAS | G141: VOLUME | H141: =IFERROR(INDEX(Linha!$B$5:$B$788,MATCH(A141,Linha!$A$5:$A$788,0)),"NÃO CADASTRADO") | I141: =IFERROR(INDEX(Linha!$C$5:$C$788,MATCH(A141,Linha!$A$5:$A$788,0)),"-") | J141: 184 | K141: =IFERROR(INDEX(Linha!$D$5:$D$788,MATCH(A141,Linha!$A$5:$A$788,0))*1,0) | L141: =SUMIFS(Reservas!$K$5:$K$3669,Reservas!$A$5:$A$3669,A141) | M141: =J141-L141 | N141: 16.575 | O141: =J141*N141 | P141: =L141*N141 | Q141: 257.41399 | R141: =J141*Q141 | S141: =L141*Q141 | T141: =IF(J141=0,0,L141/J141) | U141: =IFERROR(INDEX(Paletes!$C$5:$C$393,MATCH(B141,Paletes!$A$5:$A$393,0)),"SEM CADASTRO") | V141: =IFERROR(INDEX(Paletes!$D$5:$D$393,MATCH(B141,Paletes!$A$5:$A$393,0)),0) | W141: =IF(V141=0,0,J141/V141) | X141: =IF(V141=0,0,MAX(M141,0)/V141)
A142: =B142&"."&IFERROR(MID(D142,FIND("(",D142)+1,FIND(")",D142)-FIND("(",D142)-1),"") -> 87025.90077 | B142: 87025 | C142: VOL CX BARRA CAMA CASAL 1,80 LOOP/LEDER 2025 2,130X0,357X0,117 | D142: (90077)BRANCO#C/LOGO | E142: 102955 | F142: UNIDADE DE COMPLEMENTOS | G142: VOLUME | H142: =IFERROR(INDEX(Linha!$B$5:$B$788,MATCH(A142,Linha!$A$5:$A$788,0)),"NÃO CADASTRADO") | I142: =IFERROR(INDEX(Linha!$C$5:$C$788,MATCH(A142,Linha!$A$5:$A$788,0)),"-") | J142: 2 | K142: =IFERROR(INDEX(Linha!$D$5:$D$788,MATCH(A142,Linha!$A$5:$A$788,0))*1,0) | L142: =SUMIFS(Reservas!$K$5:$K$3669,Reservas!$A$5:$A$3669,A142) | M142: =J142-L142 | N142: 39 | O142: =J142*N142 | P142: =L142*N142 | Q142: 206.22667 | R142: =J142*Q142 | S142: =L142*Q142 | T142: =IF(J142=0,0,L142/J142) | U142: =IFERROR(INDEX(Paletes!$C$5:$C$393,MATCH(B142,Paletes!$A$5:$A$393,0)),"SEM CADASTRO") | V142: =IFERROR(INDEX(Paletes!$D$5:$D$393,MATCH(B142,Paletes!$A$5:$A$393,0)),0) | W142: =IF(V142=0,0,J142/V142) | X142: =IF(V142=0,0,MAX(M142,0)/V142)
A143: =B143&"."&IFERROR(MID(D143,FIND("(",D143)+1,FIND(")",D143)-FIND("(",D143)-1),"") -> 87123.90717 | B143: 87123 | C143: VOL CX LAT/DIV GR 04 PTS LOOP 2,420X0,555X0,125 | D143: (90717)AMENDOA CLEAN/OFF WH | E143: 104475 | F143: UNIDADE GUARDA ROUPAS | G143: VOLUME | H143: =IFERROR(INDEX(Linha!$B$5:$B$788,MATCH(A143,Linha!$A$5:$A$788,0)),"NÃO CADASTRADO") | I143: =IFERROR(INDEX(Linha!$C$5:$C$788,MATCH(A143,Linha!$A$5:$A$788,0)),"-") | J143: 195 | K143: =IFERROR(INDEX(Linha!$D$5:$D$788,MATCH(A143,Linha!$A$5:$A$788,0))*1,0) | L143: =SUMIFS(Reservas!$K$5:$K$3669,Reservas!$A$5:$A$3669,A143) | M143: =J143-L143 | N143: 55.575 | O143: =J143*N143 | P143: =L143*N143 | Q143: 275.22735 | R143: =J143*Q143 | S143: =L143*Q143 | T143: =IF(J143=0,0,L143/J143) | U143: =IFERROR(INDEX(Paletes!$C$5:$C$393,MATCH(B143,Paletes!$A$5:$A$393,0)),"SEM CADASTRO") | V143: =IFERROR(INDEX(Paletes!$D$5:$D$393,MATCH(B143,Paletes!$A$5:$A$393,0)),0) | W143: =IF(V143=0,0,J143/V143) | X143: =IF(V143=0,0,MAX(M143,0)/V143)
A144: =B144&"."&IFERROR(MID(D144,FIND("(",D144)+1,FIND(")",D144)-FIND("(",D144)-1),"") -> 74613.55688 | B144: 74613 | C144: VOL CX CLOSET ANELI LATERAL | D144: (55688)BRANCO | E144: 80749 | F144: UNIDADE GUARDA ROUPAS | G144: VOLUME | H144: =IFERROR(INDEX(Linha!$B$5:$B$788,MATCH(A144,Linha!$A$5:$A$788,0)),"NÃO CADASTRADO") | I144: =IFERROR(INDEX(Linha!$C$5:$C$788,MATCH(A144,Linha!$A$5:$A$788,0)),"-") | J144: 0 | K144: =IFERROR(INDEX(Linha!$D$5:$D$788,MATCH(A144,Linha!$A$5:$A$788,0))*1,0) | L144: =SUMIFS(Reservas!$K$5:$K$3669,Reservas!$A$5:$A$3669,A144) | M144: =J144-L144 | N144: 32.662 | O144: =J144*N144 | P144: =L144*N144 | Q144: 110.60584 | R144: =J144*Q144 | S144: =L144*Q144 | T144: =IF(J144=0,0,L144/J144) | U144: =IFERROR(INDEX(Paletes!$C$5:$C$393,MATCH(B144,Paletes!$A$5:$A$393,0)),"SEM CADASTRO") | V144: =IFERROR(INDEX(Paletes!$D$5:$D$393,MATCH(B144,Paletes!$A$5:$A$393,0)),0) | W144: =IF(V144=0,0,J144/V144) | X144: =IF(V144=0,0,MAX(M144,0)/V144)
A145: =B145&"."&IFERROR(MID(D145,FIND("(",D145)+1,FIND(")",D145)-FIND("(",D145)-1),"") -> 74671.55683 | B145: 74671 | C145: VOL CX CLOSET ELISE LATERAL | D145: (55683)AMENDOA CLEAN | E145: 80735 | F145: UNIDADE GUARDA ROUPAS | G145: VOLUME | H145: =IFERROR(INDEX(Linha!$B$5:$B$788,MATCH(A145,Linha!$A$5:$A$788,0)),"NÃO CADASTRADO") | I145: =IFERROR(INDEX(Linha!$C$5:$C$788,MATCH(A145,Linha!$A$5:$A$788,0)),"-") | J145: 0 | K145: =IFERROR(INDEX(Linha!$D$5:$D$788,MATCH(A145,Linha!$A$5:$A$788,0))*1,0) | L145: =SUMIFS(Reservas!$K$5:$K$3669,Reservas!$A$5:$A$3669,A145) | M145: =J145-L145 | N145: 42.607 | O145: =J145*N145 | P145: =L145*N145 | Q145: 149.58132 | R145: =J145*Q145 | S145: =L145*Q145 | T145: =IF(J145=0,0,L145/J145) | U145: =IFERROR(INDEX(Paletes!$C$5:$C$393,MATCH(B145,Paletes!$A$5:$A$393,0)),"SEM CADASTRO") | V145: =IFERROR(INDEX(Paletes!$D$5:$D$393,MATCH(B145,Paletes!$A$5:$A$393,0)),0) | W145: =IF(V145=0,0,J145/V145) | X145: =IF(V145=0,0,MAX(M145,0)/V145)
A146: =B146&"."&IFERROR(MID(D146,FIND("(",D146)+1,FIND(")",D146)-FIND("(",D146)-1),"") -> 73259.16521 | B146: 73259 | C146: VOL CX COMODA 6 GAV 1 PTS DA VINCI 2021 1,165X0,485X0,215 | D146: (16521)AMENDOA CLEAN | E146: 59350 | F146: UNIDADE DE COMPLEMENTOS | G146: VOLUME | H146: =IFERROR(INDEX(Linha!$B$5:$B$788,MATCH(A146,Linha!$A$5:$A$788,0)),"NÃO CADASTRADO") | I146: =IFERROR(INDEX(Linha!$C$5:$C$788,MATCH(A146,Linha!$A$5:$A$788,0)),"-") | J146: 670 | K146: =IFERROR(INDEX(Linha!$D$5:$D$788,MATCH(A146,Linha!$A$5:$A$788,0))*1,0) | L146: =SUMIFS(Reservas!$K$5:$K$3669,Reservas!$A$5:$A$3669,A146) | M146: =J146-L146 | N146: 56.55 | O146: =J146*N146 | P146: =L146*N146 | Q146: 224.60231 | R146: =J146*Q146 | S146: =L146*Q146 | T146: =IF(J146=0,0,L146/J146) | U146: =IFERROR(INDEX(Paletes!$C$5:$C$393,MATCH(B146,Paletes!$A$5:$A$393,0)),"SEM CADASTRO") | V146: =IFERROR(INDEX(Paletes!$D$5:$D$393,MATCH(B146,Paletes!$A$5:$A$393,0)),0) | W146: =IF(V146=0,0,J146/V146) | X146: =IF(V146=0,0,MAX(M146,0)/V146)
A147: =B147&"."&IFERROR(MID(D147,FIND("(",D147)+1,FIND(")",D147)-FIND("(",D147)-1),"") -> 101.88275 | B147: 101 | C147: VOL CX GR 6 PTS ZEUS 2021 LAT/TAMPO 2,122X0,460X0,125 | D147: (88275)FRASSINO | E147: 59618 | F147: UNIDADE GUARDA ROUPAS | G147: VOLUME | H147: =IFERROR(INDEX(Linha!$B$5:$B$788,MATCH(A147,Linha!$A$5:$A$788,0)),"NÃO CADASTRADO") | I147: =IFERROR(INDEX(Linha!$C$5:$C$788,MATCH(A147,Linha!$A$5:$A$788,0)),"-") | J147: 0 | K147: =IFERROR(INDEX(Linha!$D$5:$D$788,MATCH(A147,Linha!$A$5:$A$788,0))*1,0) | L147: =SUMIFS(Reservas!$K$5:$K$3669,Reservas!$A$5:$A$3669,A147) | M147: =J147-L147 | N147: 66.787 | O147: =J147*N147 | P147: =L147*N147 | Q147: 219.00896 | R147: =J147*Q147 | S147: =L147*Q147 | T147: =IF(J147=0,0,L147/J147) | U147: =IFERROR(INDEX(Paletes!$C$5:$C$393,MATCH(B147,Paletes!$A$5:$A$393,0)),"SEM CADASTRO") | V147: =IFERROR(INDEX(Paletes!$D$5:$D$393,MATCH(B147,Paletes!$A$5:$A$393,0)),0) | W147: =IF(V147=0,0,J147/V147) | X147: =IF(V147=0,0,MAX(M147,0)/V147)
A148: =B148&"."&IFERROR(MID(D148,FIND("(",D148)+1,FIND(")",D148)-FIND("(",D148)-1),"") -> 2086.12970 | B148: 2086 | C148: VOL CX GR 4 PTS ALONZO 2021 PORTAS 2,175X0,385X0,072 | D148: (12970)BRANCO | E148: 59959 | F148: UNIDADE GUARDA ROUPAS | G148: VOLUME | H148: =IFERROR(INDEX(Linha!$B$5:$B$788,MATCH(A148,Linha!$A$5:$A$788,0)),"NÃO CADASTRADO") | I148: =IFERROR(INDEX(Linha!$C$5:$C$788,MATCH(A148,Linha!$A$5:$A$788,0)),"-") | J148: 174 | K148: =IFERROR(INDEX(Linha!$D$5:$D$788,MATCH(A148,Linha!$A$5:$A$788,0))*1,0) | L148: =SUMIFS(Reservas!$K$5:$K$3669,Reservas!$A$5:$A$3669,A148) | M148: =J148-L148 | N148: 35.587 | O148: =J148*N148 | P148: =L148*N148 | Q148: 113.28982 | R148: =J148*Q148 | S148: =L148*Q148 | T148: =IF(J148=0,0,L148/J148) | U148: =IFERROR(INDEX(Paletes!$C$5:$C$393,MATCH(B148,Paletes!$A$5:$A$393,0)),"SEM CADASTRO") | V148: =IFERROR(INDEX(Paletes!$D$5:$D$393,MATCH(B148,Paletes!$A$5:$A$393,0)),0) | W148: =IF(V148=0,0,J148/V148) | X148: =IF(V148=0,0,MAX(M148,0)/V148)
... A176: =B176&"."&IFERROR(MID(D176,FIND("(",D176)+1,FIND(")",D176)-FIND("(",D176)-1),"") -> 85024.79508 | B176: 85024 | C176: VOL CX JOGO DE PES LOPAS C/06 COMODA LOOP 0,282X0,140X0,069 | D176: (79508)BRANCO | E176: 91789 | F176: UNIDADE DE COMPLEMENTOS | G176: VOLUME | H176: =IFERROR(INDEX(Linha!$B$5:$B$788,MATCH(A176,Linha!$A$5:$A$788,0)),"NÃO CADASTRADO") | I176: =IFERROR(INDEX(Linha!$C$5:$C$788,MATCH(A176,Linha!$A$5:$A$788,0)),"-") | J176: 39 | K176: =IFERROR(INDEX(Linha!$D$5:$D$788,MATCH(A176,Linha!$A$5:$A$788,0))*1,0) | L176: =SUMIFS(Reservas!$K$5:$K$3669,Reservas!$A$5:$A$3669,A176) | M176: =J176-L176 | N176: 0.546 | O176: =J176*N176 | P176: =L176*N176 | Q176: 3.5536665 | R176: =J176*Q176 | S176: =L176*Q176 | T176: =IF(J176=0,0,L176/J176) | U176: =IFERROR(INDEX(Paletes!$C$5:$C$393,MATCH(B176,Paletes!$A$5:$A$393,0)),"SEM CADASTRO") | V176: =IFERROR(INDEX(Paletes!$D$5:$D$393,MATCH(B176,Paletes!$A$5:$A$393,0)),0) | W176: =IF(V176=0,0,J176/V176) | X176: =IF(V176=0,0,MAX(M176,0)/V176)
A177: =B177&"."&IFERROR(MID(D177,FIND("(",D177)+1,FIND(")",D177)-FIND("(",D177)-1),"") -> 97301.99824 | B177: 97301 | C177: VOL CX PES CAMA CASAL ATHENAS PLUS EXP 1,625X0,200X0,100 | D177: (99824)AMENDOA CLEAN#C/LOGO | F177: UNIDADE DE COMPLEMENTOS | G177: VOLUME | H177: =IFERROR(INDEX(Linha!$B$5:$B$788,MATCH(A177,Linha!$A$5:$A$788,0)),"NÃO CADASTRADO") | I177: =IFERROR(INDEX(Linha!$C$5:$C$788,MATCH(A177,Linha!$A$5:$A$788,0)),"-") | J177: 86 | K177: =IFERROR(INDEX(Linha!$D$5:$D$788,MATCH(A177,Linha!$A$5:$A$788,0))*1,0) | L177: =SUMIFS(Reservas!$K$5:$K$3669,Reservas!$A$5:$A$3669,A177) | M177: =J177-L177 | N177: 17.94 | O177: =J177*N177 | P177: =L177*N177 | Q177: 121.54245 | R177: =J177*Q177 | S177: =L177*Q177 | T177: =IF(J177=0,0,L177/J177) | U177: =IFERROR(INDEX(Paletes!$C$5:$C$393,MATCH(B177,Paletes!$A$5:$A$393,0)),"SEM CADASTRO") | V177: =IFERROR(INDEX(Paletes!$D$5:$D$393,MATCH(B177,Paletes!$A$5:$A$393,0)),0) | W177: =IF(V177=0,0,J177/V177) | X177: =IF(V177=0,0,MAX(M177,0)/V177)
A178: =B178&"."&IFERROR(MID(D178,FIND("(",D178)+1,FIND(")",D178)-FIND("(",D178)-1),"") -> 73126.15980 | B178: 73126 | C178: VOL CX CAB BOX REGULAVEL 1,40/1,60 LIKE 1,605X0,668X0,090 | D178: (15980)BRANCO | E178: 90752 | F178: UNIDADE DE COMPLEMENTOS | G178: VOLUME | H178: =IFERROR(INDEX(Linha!$B$5:$B$788,MATCH(A178,Linha!$A$5:$A$788,0)),"NÃO CADASTRADO") | I178: =IFERROR(INDEX(Linha!$C$5:$C$788,MATCH(A178,Linha!$A$5:$A$788,0)),"-") | J178: 0 | K178: =IFERROR(INDEX(Linha!$D$5:$D$788,MATCH(A178,Linha!$A$5:$A$788,0))*1,0) | L178: =SUMIFS(Reservas!$K$5:$K$3669,Reservas!$A$5:$A$3669,A178) | M178: =J178-L178 | N178: 43.875 | O178: =J178*N178 | P178: =L178*N178 | Q178: 179.9514 | R178: =J178*Q178 | S178: =L178*Q178 | T178: =IF(J178=0,0,L178/J178) | U178: =IFERROR(INDEX(Paletes!$C$5:$C$393,MATCH(B178,Paletes!$A$5:$A$393,0)),"SEM CADASTRO") | V178: =IFERROR(INDEX(Paletes!$D$5:$D$393,MATCH(B178,Paletes!$A$5:$A$393,0)),0) | W178: =IF(V178=0,0,J178/V178) | X178: =IF(V178=0,0,MAX(M178,0)/V178)
A179: =B179&"."&IFERROR(MID(D179,FIND("(",D179)+1,FIND(")",D179)-FIND("(",D179)-1),"") -> 73189.16642 | B179: 73189 | C179: VOL CX SAPATEIRA ESTHELA 2024 1,898X0,625X0,107 | D179: (16642)BRANCO | E179: 91018 | F179: UNIDADE DE COMPLEMENTOS | G179: VOLUME | H179: =IFERROR(INDEX(Linha!$B$5:$B$788,MATCH(A179,Linha!$A$5:$A$788,0)),"NÃO CADASTRADO") | I179: =IFERROR(INDEX(Linha!$C$5:$C$788,MATCH(A179,Linha!$A$5:$A$788,0)),"-") | J179: 750 | K179: =IFERROR(INDEX(Linha!$D$5:$D$788,MATCH(A179,Linha!$A$5:$A$788,0))*1,0) | L179: =SUMIFS(Reservas!$K$5:$K$3669,Reservas!$A$5:$A$3669,A179) | M179: =J179-L179 | N179: 32.175 | O179: =J179*N179 | P179: =L179*N179 | Q179: 138.56407 | R179: =J179*Q179 | S179: =L179*Q179 | T179: =IF(J179=0,0,L179/J179) | U179: =IFERROR(INDEX(Paletes!$C$5:$C$393,MATCH(B179,Paletes!$A$5:$A$393,0)),"SEM CADASTRO") | V179: =IFERROR(INDEX(Paletes!$D$5:$D$393,MATCH(B179,Paletes!$A$5:$A$393,0)),0) | W179: =IF(V179=0,0,J179/V179) | X179: =IF(V179=0,0,MAX(M179,0)/V179)
A180: =B180&"."&IFERROR(MID(D180,FIND("(",D180)+1,FIND(")",D180)-FIND("(",D180)-1),"") -> 85025.55817 | B180: 85025 | C180: VOL CX JOGO DE PES LOPAS C/04 MESA DE CABECEIRA LOOP 0,185X0,140X0,075 | D180: (55817)FRASSINO | E180: 91794 | F180: UNIDADE DE COMPLEMENTOS | G180: VOLUME | H180: =IFERROR(INDEX(Linha!$B$5:$B$788,MATCH(A180,Linha!$A$5:$A$788,0)),"NÃO CADASTRADO") | I180: =IFERROR(INDEX(Linha!$C$5:$C$788,MATCH(A180,Linha!$A$5:$A$788,0)),"-") | J180: 18 | K180: =IFERROR(INDEX(Linha!$D$5:$D$788,MATCH(A180,Linha!$A$5:$A$788,0))*1,0) | L180: =SUMIFS(Reservas!$K$5:$K$3669,Reservas!$A$5:$A$3669,A180) | M180: =J180-L180 | N180: 0.39 | O180: =J180*N180 | P180: =L180*N180 | Q180: 1.850607 | R180: =J180*Q180 | S180: =L180*Q180 | T180: =IF(J180=0,0,L180/J180) | U180: =IFERROR(INDEX(Paletes!$C$5:$C$393,MATCH(B180,Paletes!$A$5:$A$393,0)),"SEM CADASTRO") | V180: =IFERROR(INDEX(Paletes!$D$5:$D$393,MATCH(B180,Paletes!$A$5:$A$393,0)),0) | W180: =IF(V180=0,0,J180/V180) | X180: =IF(V180=0,0,MAX(M180,0)/V180)
A181: =B181&"."&IFERROR(MID(D181,FIND("(",D181)+1,FIND(")",D181)-FIND("(",D181)-1),"") -> 75868.13790 | B181: 75868 | C181: VOL CX GR 6 PTS LOOP 2024 PORTA 2,400X0,417X0,103 | D181: (13790)OFF WHITE | E181: 91884 | F181: UNIDADE GUARDA ROUPAS | G181: VOLUME | H181: =IFERROR(INDEX(Linha!$B$5:$B$788,MATCH(A181,Linha!$A$5:$A$788,0)),"NÃO CADASTRADO") | I181: =IFERROR(INDEX(Linha!$C$5:$C$788,MATCH(A181,Linha!$A$5:$A$788,0)),"-") | J181: 164 | K181: =IFERROR(INDEX(Linha!$D$5:$D$788,MATCH(A181,Linha!$A$5:$A$788,0))*1,0) | L181: =SUMIFS(Reservas!$K$5:$K$3669,Reservas!$A$5:$A$3669,A181) | M181: =J181-L181 | N181: 59.943 | O181: =J181*N181 | P181: =L181*N181 | Q181: 209.33578 | R181: =J181*Q181 | S181: =L181*Q181 | T181: =IF(J181=0,0,L181/J181) | U181: =IFERROR(INDEX(Paletes!$C$5:$C$393,MATCH(B181,Paletes!$A$5:$A$393,0)),"SEM CADASTRO") | V181: =IFERROR(INDEX(Paletes!$D$5:$D$393,MATCH(B181,Paletes!$A$5:$A$393,0)),0) | W181: =IF(V181=0,0,J181/V181) | X181: =IF(V181=0,0,MAX(M181,0)/V181)
A182: =B182&"."&IFERROR(MID(D182,FIND("(",D182)+1,FIND(")",D182)-FIND("(",D182)-1),"") -> 83251.31597 | B182: 83251 | C182: VOL CX MESA DE CABECEIRA LOOP 2024 0,720X0,393X0,128 | D182: (31597)FRASSINO/OFF WHITE | E182: 92251 | F182: UNIDADE DE SALAS | G182: VOLUME | H182: =IFERROR(INDEX(Linha!$B$5:$B$788,MATCH(A182,Linha!$A$5:$A$788,0)),"NÃO CADASTRADO") | I182: =IFERROR(INDEX(Linha!$C$5:$C$788,MATCH(A182,Linha!$A$5:$A$788,0)),"-") | J182: 120 | K182: =IFERROR(INDEX(Linha!$D$5:$D$788,MATCH(A182,Linha!$A$5:$A$788,0))*1,0) | L182: =SUMIFS(Reservas!$K$5:$K$3669,Reservas!$A$5:$A$3669,A182) | M182: =J182-L182 | N182: 15.834 | O182: =J182*N182 | P182: =L182*N182 | Q182: 98.799779 | R182: =J182*Q182 | S182: =L182*Q182 | T182: =IF(J182=0,0,L182/J182) | U182: =IFERROR(INDEX(Paletes!$C$5:$C$393,MATCH(B182,Paletes!$A$5:$A$393,0)),"SEM CADASTRO") | V182: =IFERROR(INDEX(Paletes!$D$5:$D$393,MATCH(B182,Paletes!$A$5:$A$393,0)),0) | W182: =IF(V182=0,0,J182/V182) | X182: =IF(V182=0,0,MAX(M182,0)/V182)
A183: =B183&"."&IFERROR(MID(D183,FIND("(",D183)+1,FIND(")",D183)-FIND("(",D183)-1),"") -> 81935.32029 | B183: 81935 | C183: VOL CX COMODA LOOP II TAMPO/DIV 1,590X0,492X0,100 | D183: (32029)FRASSINO/OFF WHITE | E183: 93682 | F183: UNIDADE DE COMPLEMENTOS | G183: VOLUME | H183: =IFERROR(INDEX(Linha!$B$5:$B$788,MATCH(A183,Linha!$A$5:$A$788,0)),"NÃO CADASTRADO") | I183: =IFERROR(INDEX(Linha!$C$5:$C$788,MATCH(A183,Linha!$A$5:$A$788,0)),"-") | J183: 63 | K183: =IFERROR(INDEX(Linha!$D$5:$D$788,MATCH(A183,Linha!$A$5:$A$788,0))*1,0) | L183: =SUMIFS(Reservas!$K$5:$K$3669,Reservas!$A$5:$A$3669,A183) | M183: =J183-L183 | N183: 36.562 | O183: =J183*N183 | P183: =L183*N183 | Q183: 161.3712 | R183: =J183*Q183 | S183: =L183*Q183 | T183: =IF(J183=0,0,L183/J183) | U183: =IFERROR(INDEX(Paletes!$C$5:$C$393,MATCH(B183,Paletes!$A$5:$A$393,0)),"SEM CADASTRO") | V183: =IFERROR(INDEX(Paletes!$D$5:$D$393,MATCH(B183,Paletes!$A$5:$A$393,0)),0) | W183: =IF(V183=0,0,J183/V183) | X183: =IF(V183=0,0,MAX(M183,0)/V183)
A184: =B184&"."&IFERROR(MID(D184,FIND("(",D184)+1,FIND(")",D184)-FIND("(",D184)-1),"") -> 81938.31501 | B184: 81938 | C184: VOL CX COMODA LOOP II LAT/GAV 0,900X0,492X0,192 | D184: (31501)AMENDOA CLEAN/OFF WH | E184: 93683 | F184: UNIDADE DE COMPLEMENTOS | G184: VOLUME | H184: =IFERROR(INDEX(Linha!$B$5:$B$788,MATCH(A184,Linha!$A$5:$A$788,0)),"NÃO CADASTRADO") | I184: =IFERROR(INDEX(Linha!$C$5:$C$788,MATCH(A184,Linha!$A$5:$A$788,0)),"-") | J184: 631 | K184: =IFERROR(INDEX(Linha!$D$5:$D$788,MATCH(A184,Linha!$A$5:$A$788,0))*1,0) | L184: =SUMIFS(Reservas!$K$5:$K$3669,Reservas!$A$5:$A$3669,A184) | M184: =J184-L184 | N184: 38.512 | O184: =J184*N184 | P184: =L184*N184 | Q184: 206.54545 | R184: =J184*Q184 | S184: =L184*Q184 | T184: =IF(J184=0,0,L184/J184) | U184: =IFERROR(INDEX(Paletes!$C$5:$C$393,MATCH(B184,Paletes!$A$5:$A$393,0)),"SEM CADASTRO") | V184: =IFERROR(INDEX(Paletes!$D$5:$D$393,MATCH(B184,Paletes!$A$5:$A$393,0)),0) | W184: =IF(V184=0,0,J184/V184) | X184: =IF(V184=0,0,MAX(M184,0)/V184)
A185: =B185&"."&IFERROR(MID(D185,FIND("(",D185)+1,FIND(")",D185)-FIND("(",D185)-1),"") -> 85366.46065 | B185: 85366 | C185: VOL CX ASSENTO/ENCOSTO CADEIRA LUAR C/2 0,615X0,455X0,460 | D185: (46065)VELUDO NATURALE CREME | E185: 96295 | F185: UNIDADE DE SALAS | G185: VOLUME | H185: =IFERROR(INDEX(Linha!$B$5:$B$788,MATCH(A185,Linha!$A$5:$A$788,0)),"NÃO CADASTRADO") | I185: =IFERROR(INDEX(Linha!$C$5:$C$788,MATCH(A185,Linha!$A$5:$A$788,0)),"-") | J185: 96 | K185: =IFERROR(INDEX(Linha!$D$5:$D$788,MATCH(A185,Linha!$A$5:$A$788,0))*1,0) | L185: =SUMIFS(Reservas!$K$5:$K$3669,Reservas!$A$5:$A$3669,A185) | M185: =J185-L185 | N185: 12.577 | O185: =J185*N185 | P185: =L185*N185 | Q185: 88.8502 | R185: =J185*Q185 | S185: =L185*Q185 | T185: =IF(J185=0,0,L185/J185) | U185: =IFERROR(INDEX(Paletes!$C$5:$C$393,MATCH(B185,Paletes!$A$5:$A$393,0)),"SEM CADASTRO") | V185: =IFERROR(INDEX(Paletes!$D$5:$D$393,MATCH(B185,Paletes!$A$5:$A$393,0)),0) | W185: =IF(V185=0,0,J185/V185) | X185: =IF(V185=0,0,MAX(M185,0)/V185)
A186: =B186&"."&IFERROR(MID(D186,FIND("(",D186)+1,FIND(")",D186)-FIND("(",D186)-1),"") -> 84822.30747 | B186: 84822 | C186: VOL CX TAMPO GR 03PTS OLLIE II 2025 2,775X0,550X0,092 | D186: (30747)AMENDOA CLEAN | E186: 96575 | F186: UNIDADE GUARDA ROUPAS | G186: VOLUME | H186: =IFERROR(INDEX(Linha!$B$5:$B$788,MATCH(A186,Linha!$A$5:$A$788,0)),"NÃO CADASTRADO") | I186: =IFERROR(INDEX(Linha!$C$5:$C$788,MATCH(A186,Linha!$A$5:$A$788,0)),"-") | J186: 353 | K186: =IFERROR(INDEX(Linha!$D$5:$D$788,MATCH(A186,Linha!$A$5:$A$788,0))*1,0) | L186: =SUMIFS(Reservas!$K$5:$K$3669,Reservas!$A$5:$A$3669,A186) | M186: =J186-L186 | N186: 54.6 | O186: =J186*N186 | P186: =L186*N186 | Q186: 268.05711 | R186: =J186*Q186 | S186: =L186*Q186 | T186: =IF(J186=0,0,L186/J186) | U186: =IFERROR(INDEX(Paletes!$C$5:$C$393,MATCH(B186,Paletes!$A$5:$A$393,0)),"SEM CADASTRO") | V186: =IFERROR(INDEX(Paletes!$D$5:$D$393,MATCH(B186,Paletes!$A$5:$A$393,0)),0) | W186: =IF(V186=0,0,J186/V186) | X186: =IF(V186=0,0,MAX(M186,0)/V186)
A187: =B187&"."&IFERROR(MID(D187,FIND("(",D187)+1,FIND(")",D187)-FIND("(",D187)-1),"") -> 84795.40350 | B187: 84795 | C187: VOL CX TAMPO GR 06 PTS LOOP 2025 2,740X0,520X0,083 | D187: (40350)FRASSINO/OFF WHITE | E187: 96518 | F187: UNIDADE GUARDA ROUPAS | G187: VOLUME | H187: =IFERROR(INDEX(Linha!$B$5:$B$788,MATCH(A187,Linha!$A$5:$A$788,0)),"NÃO CADASTRADO") | I187: =IFERROR(INDEX(Linha!$C$5:$C$788,MATCH(A187,Linha!$A$5:$A$788,0)),"-") | J187: 0 | K187: =IFERROR(INDEX(Linha!$D$5:$D$788,MATCH(A187,Linha!$A$5:$A$788,0))*1,0) | L187: =SUMIFS(Reservas!$K$5:$K$3669,Reservas!$A$5:$A$3669,A187) | M187: =J187-L187 | N187: 58.792 | O187: =J187*N187 | P187: =L187*N187 | Q187: 292.59651 | R187: =J187*Q187 | S187: =L187*Q187 | T187: =IF(J187=0,0,L187/J187) | U187: =IFERROR(INDEX(Paletes!$C$5:$C$393,MATCH(B187,Paletes!$A$5:$A$393,0)),"SEM CADASTRO") | V187: =IFERROR(INDEX(Paletes!$D$5:$D$393,MATCH(B187,Paletes!$A$5:$A$393,0)),0) | W187: =IF(V187=0,0,J187/V187) | X187: =IF(V187=0,0,MAX(M187,0)/V187)
A188: =B188&"."&IFERROR(MID(D188,FIND("(",D188)+1,FIND(")",D188)-FIND("(",D188)-1),"") -> 84800.43034 | B188: 84800 | C188: VOL CX LAT GR 06 PTS LOOP 2025 2,340X0,555X0,083 | D188: (43034)AMENDOA CLEAN | E188: 96519 | F188: UNIDADE GUARDA ROUPAS | G188: VOLUME | H188: =IFERROR(INDEX(Linha!$B$5:$B$788,MATCH(A188,Linha!$A$5:$A$788,0)),"NÃO CADASTRADO") | I188: =IFERROR(INDEX(Linha!$C$5:$C$788,MATCH(A188,Linha!$A$5:$A$788,0)),"-") | J188: 252 | K188: =IFERROR(INDEX(Linha!$D$5:$D$788,MATCH(A188,Linha!$A$5:$A$788,0))*1,0) | L188: =SUMIFS(Reservas!$K$5:$K$3669,Reservas!$A$5:$A$3669,A188) | M188: =J188-L188 | N188: 58.5 | O188: =J188*N188 | P188: =L188*N188 | Q188: 217.23886 | R188: =J188*Q188 | S188: =L188*Q188 | T188: =IF(J188=0,0,L188/J188) | U188: =IFERROR(INDEX(Paletes!$C$5:$C$393,MATCH(B188,Paletes!$A$5:$A$393,0)),"SEM CADASTRO") | V188: =IFERROR(INDEX(Paletes!$D$5:$D$393,MATCH(B188,Paletes!$A$5:$A$393,0)),0) | W188: =IF(V188=0,0,J188/V188) | X188: =IF(V188=0,0,MAX(M188,0)/V188)
A189: =B189&"."&IFERROR(MID(D189,FIND("(",D189)+1,FIND(")",D189)-FIND("(",D189)-1),"") -> 84966.36932 | B189: 84966 | C189: VOL CX LAT/GAV COMODA LOOP 2025 EXP 0,880X0,495X0,197 | D189: (36932)BRANCO#C/LOGO | E189: 97476 | F189: UNIDADE DE COMPLEMENTOS | G189: VOLUME | H189: =IFERROR(INDEX(Linha!$B$5:$B$788,MATCH(A189,Linha!$A$5:$A$788,0)),"NÃO CADASTRADO") | I189: =IFERROR(INDEX(Linha!$C$5:$C$788,MATCH(A189,Linha!$A$5:$A$788,0)),"-") | J189: 5 | K189: =IFERROR(INDEX(Linha!$D$5:$D$788,MATCH(A189,Linha!$A$5:$A$788,0))*1,0) | L189: =SUMIFS(Reservas!$K$5:$K$3669,Reservas!$A$5:$A$3669,A189) | M189: =J189-L189 | N189: 35.1 | O189: =J189*N189 | P189: =L189*N189 | Q189: 194.03228 | R189: =J189*Q189 | S189: =L189*Q189 | T189: =IF(J189=0,0,L189/J189) | U189: =IFERROR(INDEX(Paletes!$C$5:$C$393,MATCH(B189,Paletes!$A$5:$A$393,0)),"SEM CADASTRO") | V189: =IFERROR(INDEX(Paletes!$D$5:$D$393,MATCH(B189,Paletes!$A$5:$A$393,0)),0) | W189: =IF(V189=0,0,J189/V189) | X189: =IF(V189=0,0,MAX(M189,0)/V189)
... A193: =B193&"."&IFERROR(MID(D193,FIND("(",D193)+1,FIND(")",D193)-FIND("(",D193)-1),"") -> 2194.16653 | B193: 2194 | C193: VOL KIT PES C/10 PES LOPAS PVC 0,420X0,160X0,140 | D193: (16653)BRANCO | E193: 7558 | F193: EMBALAGEM JOGO DE PES | G193: VOLUME | H193: =IFERROR(INDEX(Linha!$B$5:$B$788,MATCH(A193,Linha!$A$5:$A$788,0)),"NÃO CADASTRADO") | I193: =IFERROR(INDEX(Linha!$C$5:$C$788,MATCH(A193,Linha!$A$5:$A$788,0)),"-") | J193: 584 | K193: =IFERROR(INDEX(Linha!$D$5:$D$788,MATCH(A193,Linha!$A$5:$A$788,0))*1,0) | L193: =SUMIFS(Reservas!$K$5:$K$3669,Reservas!$A$5:$A$3669,A193) | M193: =J193-L193 | N193: 1.092 | O193: =J193*N193 | P193: =L193*N193 | Q193: 8.0331127 | R193: =J193*Q193 | S193: =L193*Q193 | T193: =IF(J193=0,0,L193/J193) | U193: =IFERROR(INDEX(Paletes!$C$5:$C$393,MATCH(B193,Paletes!$A$5:$A$393,0)),"SEM CADASTRO") | V193: =IFERROR(INDEX(Paletes!$D$5:$D$393,MATCH(B193,Paletes!$A$5:$A$393,0)),0) | W193: =IF(V193=0,0,J193/V193) | X193: =IF(V193=0,0,MAX(M193,0)/V193)
A194: =B194&"."&IFERROR(MID(D194,FIND("(",D194)+1,FIND(")",D194)-FIND("(",D194)-1),"") -> 2186. | B194: 2186 | C194: VOL CX ESPELHO C/1 ESP 695X300X3 0,798X0,347X0,026 | E194: 19991 | F194: UNIDADE GUARDA ROUPAS | G194: VOLUME | H194: =IFERROR(INDEX(Linha!$B$5:$B$788,MATCH(A194,Linha!$A$5:$A$788,0)),"NÃO CADASTRADO") | I194: =IFERROR(INDEX(Linha!$C$5:$C$788,MATCH(A194,Linha!$A$5:$A$788,0)),"-") | J194: 1014 | K194: =IFERROR(INDEX(Linha!$D$5:$D$788,MATCH(A194,Linha!$A$5:$A$788,0))*1,0) | L194: =SUMIFS(Reservas!$K$5:$K$3669,Reservas!$A$5:$A$3669,A194) | M194: =J194-L194 | N194: 3.9 | O194: =J194*N194 | P194: =L194*N194 | Q194: 14.974924 | R194: =J194*Q194 | S194: =L194*Q194 | T194: =IF(J194=0,0,L194/J194) | U194: =IFERROR(INDEX(Paletes!$C$5:$C$393,MATCH(B194,Paletes!$A$5:$A$393,0)),"SEM CADASTRO") | V194: =IFERROR(INDEX(Paletes!$D$5:$D$393,MATCH(B194,Paletes!$A$5:$A$393,0)),0) | W194: =IF(V194=0,0,J194/V194) | X194: =IF(V194=0,0,MAX(M194,0)/V194)
A195: =B195&"."&IFERROR(MID(D195,FIND("(",D195)+1,FIND(")",D195)-FIND("(",D195)-1),"") -> 73279.15757 | B195: 73279 | C195: VOL CX TAMPO COMODA 8GAV 2PTS TORONTO 2016 1,435X0,480X0,085 | D195: (15757)AMENDOA CLEAN | E195: 24205 | F195: UNIDADE DE COMPLEMENTOS | G195: VOLUME | H195: =IFERROR(INDEX(Linha!$B$5:$B$788,MATCH(A195,Linha!$A$5:$A$788,0)),"NÃO CADASTRADO") | I195: =IFERROR(INDEX(Linha!$C$5:$C$788,MATCH(A195,Linha!$A$5:$A$788,0)),"-") | J195: 1310 | K195: =IFERROR(INDEX(Linha!$D$5:$D$788,MATCH(A195,Linha!$A$5:$A$788,0))*1,0) | L195: =SUMIFS(Reservas!$K$5:$K$3669,Reservas!$A$5:$A$3669,A195) | M195: =J195-L195 | N195: 27.3 | O195: =J195*N195 | P195: =L195*N195 | Q195: 93.180674 | R195: =J195*Q195 | S195: =L195*Q195 | T195: =IF(J195=0,0,L195/J195) | U195: =IFERROR(INDEX(Paletes!$C$5:$C$393,MATCH(B195,Paletes!$A$5:$A$393,0)),"SEM CADASTRO") | V195: =IFERROR(INDEX(Paletes!$D$5:$D$393,MATCH(B195,Paletes!$A$5:$A$393,0)),0) | W195: =IF(V195=0,0,J195/V195) | X195: =IF(V195=0,0,MAX(M195,0)/V195)
A196: =B196&"."&IFERROR(MID(D196,FIND("(",D196)+1,FIND(")",D196)-FIND("(",D196)-1),"") -> 73279.15760 | B196: 73279 | C196: VOL CX TAMPO COMODA 8GAV 2PTS TORONTO 2016 1,435X0,480X0,085 | D196: (15760)FRASSINO | E196: 24205 | F196: UNIDADE DE COMPLEMENTOS | G196: VOLUME | H196: =IFERROR(INDEX(Linha!$B$5:$B$788,MATCH(A196,Linha!$A$5:$A$788,0)),"NÃO CADASTRADO") | I196: =IFERROR(INDEX(Linha!$C$5:$C$788,MATCH(A196,Linha!$A$5:$A$788,0)),"-") | J196: 48 | K196: =IFERROR(INDEX(Linha!$D$5:$D$788,MATCH(A196,Linha!$A$5:$A$788,0))*1,0) | L196: =SUMIFS(Reservas!$K$5:$K$3669,Reservas!$A$5:$A$3669,A196) | M196: =J196-L196 | N196: 27.3 | O196: =J196*N196 | P196: =L196*N196 | Q196: 92.390371 | R196: =J196*Q196 | S196: =L196*Q196 | T196: =IF(J196=0,0,L196/J196) | U196: =IFERROR(INDEX(Paletes!$C$5:$C$393,MATCH(B196,Paletes!$A$5:$A$393,0)),"SEM CADASTRO") | V196: =IFERROR(INDEX(Paletes!$D$5:$D$393,MATCH(B196,Paletes!$A$5:$A$393,0)),0) | W196: =IF(V196=0,0,J196/V196) | X196: =IF(V196=0,0,MAX(M196,0)/V196)
A197: =B197&"."&IFERROR(MID(D197,FIND("(",D197)+1,FIND(")",D197)-FIND("(",D197)-1),"") -> 275.12674 | B197: 275 | C197: VOL CX GR 6 PTS ALONZO NEW LAT/DIV 2,310X0,461X0,101 | D197: (12674)BRANCO | E197: 38643 | F197: UNIDADE GUARDA ROUPAS | G197: VOLUME | H197: =IFERROR(INDEX(Linha!$B$5:$B$788,MATCH(A197,Linha!$A$5:$A$788,0)),"NÃO CADASTRADO") | I197: =IFERROR(INDEX(Linha!$C$5:$C$788,MATCH(A197,Linha!$A$5:$A$788,0)),"-") | J197: 291 | K197: =IFERROR(INDEX(Linha!$D$5:$D$788,MATCH(A197,Linha!$A$5:$A$788,0))*1,0) | L197: =SUMIFS(Reservas!$K$5:$K$3669,Reservas!$A$5:$A$3669,A197) | M197: =J197-L197 | N197: 59.67 | O197: =J197*N197 | P197: =L197*N197 | Q197: 182.48427 | R197: =J197*Q197 | S197: =L197*Q197 | T197: =IF(J197=0,0,L197/J197) | U197: =IFERROR(INDEX(Paletes!$C$5:$C$393,MATCH(B197,Paletes!$A$5:$A$393,0)),"SEM CADASTRO") | V197: =IFERROR(INDEX(Paletes!$D$5:$D$393,MATCH(B197,Paletes!$A$5:$A$393,0)),0) | W197: =IF(V197=0,0,J197/V197) | X197: =IF(V197=0,0,MAX(M197,0)/V197)
A198: =B198&"."&IFERROR(MID(D198,FIND("(",D198)+1,FIND(")",D198)-FIND("(",D198)-1),"") -> 185.12424 | B198: 185 | C198: VOL CX GR 4 PTS ZEUS PLUS PORTAS/COSTAS 1,95X0,600X0,052 | D198: (12424)AMENDOA CLEAN/OFF WH | E198: 39082 | F198: UNIDADE GUARDA ROUPAS | G198: VOLUME | H198: =IFERROR(INDEX(Linha!$B$5:$B$788,MATCH(A198,Linha!$A$5:$A$788,0)),"NÃO CADASTRADO") | I198: =IFERROR(INDEX(Linha!$C$5:$C$788,MATCH(A198,Linha!$A$5:$A$788,0)),"-") | J198: 452 | K198: =IFERROR(INDEX(Linha!$D$5:$D$788,MATCH(A198,Linha!$A$5:$A$788,0))*1,0) | L198: =SUMIFS(Reservas!$K$5:$K$3669,Reservas!$A$5:$A$3669,A198) | M198: =J198-L198 | N198: 28.08 | O198: =J198*N198 | P198: =L198*N198 | Q198: 97.803544 | R198: =J198*Q198 | S198: =L198*Q198 | T198: =IF(J198=0,0,L198/J198) | U198: =IFERROR(INDEX(Paletes!$C$5:$C$393,MATCH(B198,Paletes!$A$5:$A$393,0)),"SEM CADASTRO") | V198: =IFERROR(INDEX(Paletes!$D$5:$D$393,MATCH(B198,Paletes!$A$5:$A$393,0)),0) | W198: =IF(V198=0,0,J198/V198) | X198: =IF(V198=0,0,MAX(M198,0)/V198)
...

Sheet Reservas
A1: RESERVAS — SALDO DE ITENS COM RESERVA
A2: 3665 linhas importadas • 02/10/2026, 13:56:55
A4: CHAVE | B4: ALMOXARIFADO | C4: COD ITEM | D4: DESCRICAO ITEM | E4: MASCARA | F4: CLASS | G4: PESO BRT | H4: CUSTO MEDIO | I4: VALOR ESTOQUE | J4: SALDO ATUAL | K4: QTD RESERVADA | L4: QTD DISPONIVEL
A5: =C5&"."&IFERROR(MID(E5,FIND("(",E5)+1,FIND(")",E5)-FIND("(",E5)-1),"") | B5: 11 - EXPEDIÇÃO WMS | C5: 100336 | D5: VOL CX PENTEADEIRA LIVIA - VOL 1 S/LED 1,260X0,685X0,105 | E5: BRANCO ID: (118082) | F5: UNIDADE DE COMPLEMENTOS | G5: 39 | H5: 249.101 | I5: 12455.062 | J5: 50 | K5: 30 | L5: 20
A6: =C6&"."&IFERROR(MID(E6,FIND("(",E6)+1,FIND(")",E6)-FIND("(",E6)-1),"") | B6: 11 - EXPEDIÇÃO WMS | C6: 101 | D6: VOL CX GR 6 PTS ZEUS 2021 LAT/TAMPO 2,122X0,460X0,125 | E6: BRANCO ID: (10338) | F6: UNIDADE GUARDA ROUPAS | G6: 68.5 | H6: 202.467 | I6: 3441.947 | J6: 17 | K6: 17 | L6: 0
A7: =C7&"."&IFERROR(MID(E7,FIND("(",E7)+1,FIND(")",E7)-FIND("(",E7)-1),"") | B7: 11 - EXPEDIÇÃO WMS | C7: 101 | D7: VOL CX GR 6 PTS ZEUS 2021 LAT/TAMPO 2,122X0,460X0,125 | E7: AMENDOA CLEAN ID: (4514) | F7: UNIDADE GUARDA ROUPAS | G7: 68.5 | H7: 214.067 | I7: 62721.501 | J7: 293 | K7: 248 | L7: 45
A8: =C8&"."&IFERROR(MID(E8,FIND("(",E8)+1,FIND(")",E8)-FIND("(",E8)-1),"") | B8: 11 - EXPEDIÇÃO WMS | C8: 102 | D8: VOL CX GR 6 PTS ZEUS PLUS PTS/COSTAS 1,950X0,600X0,067 | E8: AMENDOA CLEAN/OFF WH ID: (12222) | F8: UNIDADE GUARDA ROUPAS | G8: 39.6 | H8: 140.904 | I8: 31985.188 | J8: 227 | K8: 132 | L8: 95
A9: =C9&"."&IFERROR(MID(E9,FIND("(",E9)+1,FIND(")",E9)-FIND("(",E9)-1),"") | B9: 11 - EXPEDIÇÃO WMS | C9: 102 | D9: VOL CX GR 6 PTS ZEUS PLUS PTS/COSTAS 1,950X0,600X0,067 | E9: BRANCO ID: (12220) | F9: UNIDADE GUARDA ROUPAS | G9: 39.6 | H9: 149.652 | I9: 10924.587 | J9: 73 | K9: 18 | L9: 55
A10: =C10&"."&IFERROR(MID(E10,FIND("(",E10)+1,FIND(")",E10)-FIND("(",E10)-1),"") | B10: 11 - EXPEDIÇÃO WMS | C10: 102 | D10: VOL CX GR 6 PTS ZEUS PLUS PTS/COSTAS 1,950X0,600X0,067 | E10: AMENDOA CLEAN ID: (12218) | F10: UNIDADE GUARDA ROUPAS | G10: 39.6 | H10: 143.741 | I10: 28748.152 | J10: 200 | K10: 115 | L10: 85
A11: =C11&"."&IFERROR(MID(E11,FIND("(",E11)+1,FIND(")",E11)-FIND("(",E11)-1),"") | B11: 11 - EXPEDIÇÃO WMS | C11: 102 | D11: VOL CX GR 6 PTS ZEUS PLUS PTS/COSTAS 1,950X0,600X0,067 | E11: IMBUIA CLEAN ID: (64910) | F11: UNIDADE GUARDA ROUPAS | G11: 39.6 | H11: 126.24 | I11: 126.24 | J11: 1 | K11: 0 | L11: 1
A12: =C12&"."&IFERROR(MID(E12,FIND("(",E12)+1,FIND(")",E12)-FIND("(",E12)-1),"") | B12: 11 - EXPEDIÇÃO WMS | C12: 103 | D12: PRATELEIRA INFERIOR GR 4/6 PTS ZEUS 575X330X12 MDP | E12: AMENDOA CLEAN ID: (42272) | F12: UNIDADE GUARDA ROUPAS | G12: 1.56 | H12: 7.507 | I12: 30.026 | J12: 4 | K12: 0 | L12: 4
A13: =C13&"."&IFERROR(MID(E13,FIND("(",E13)+1,FIND(")",E13)-FIND("(",E13)-1),"") | B13: 11 - EXPEDIÇÃO WMS | C13: 103 | D13: PRATELEIRA INFERIOR GR 4/6 PTS ZEUS 575X330X12 MDP | E13: FRASSINO ID: (42278) | F13: UNIDADE GUARDA ROUPAS | G13: 1.56 | H13: 4.97 | I13: 9.94 | J13: 2 | K13: 0 | L13: 2
A14: =C14&"."&IFERROR(MID(E14,FIND("(",E14)+1,FIND(")",E14)-FIND("(",E14)-1),"") | B14: 11 - EXPEDIÇÃO WMS | C14: 103 | D14: PRATELEIRA INFERIOR GR 4/6 PTS ZEUS 575X330X12 MDP | E14: BRANCO ID: (42274) | F14: UNIDADE GUARDA ROUPAS | G14: 1.56 | H14: 2.775 | I14: 24.976 | J14: 9 | K14: 0 | L14: 9
A15: =C15&"."&IFERROR(MID(E15,FIND("(",E15)+1,FIND(")",E15)-FIND("(",E15)-1),"") | B15: 11 - EXPEDIÇÃO WMS | C15: 104 | D15: PRATELEIRA GR 4/6 PTS ZEUS/VIRGO/EASY P2L 575X330X12 MDP | E15: AMENDOA CLEAN ID: (41337) | F15: UNIDADE GUARDA ROUPAS | G15: 1.56 | H15: 9.542 | I15: 19.085 | J15: 2 | K15: 1 | L15: 1
A16: =C16&"."&IFERROR(MID(E16,FIND("(",E16)+1,FIND(")",E16)-FIND("(",E16)-1),"") | B16: 11 - EXPEDIÇÃO WMS | C16: 104 | D16: PRATELEIRA GR 4/6 PTS ZEUS/VIRGO/EASY P2L 575X330X12 MDP | E16: BRANCO ID: (41339) | F16: UNIDADE GUARDA ROUPAS | G16: 1.56 | H16: 4.495 | I16: 22.476 | J16: 5 | K16: 0 | L16: 5
... A3669: =C3669&"."&IFERROR(MID(E3669,FIND("(",E3669)+1,FIND(")",E3669)-FIND("(",E3669)-1),"") | B3669: 11 - EXPEDIÇÃO WMS | C3669: 99613 | D3669: PARTE PC PORTA GRAN GR 4/6/8PTS ZEUS/VIR/EASY SLIM 1877X290X15 MDP | E3669: FRASSINO ID: (112419) | F3669: UNIDADE GUARDA ROUPAS | G3669: 5.77 | H3669: 18.028 | I3669: 18.028 | J3669: 1 | K3669: 0 | L3669: 1

Sheet Linha
A1: CADASTRO EM LINHA x FORA DE LINHA
A2: Tabela fixa de referência — edite aqui para reclassificar itens
A4: CHAVE | B4: SITUAÇÃO | C4: ORIGEM | D4: SALDO FULL
A5: 101.10338 | B5: EM LINHA | C5: NAO INFORMADO | D5: 0
A6: 101.4514 | B6: EM LINHA | C6: NAO INFORMADO | D6: 0
A7: 102.12218 | B7: EM LINHA | C7: NAO INFORMADO | D7: 0
A8: 102.1222 | B8: EM LINHA | C8: NAO INFORMADO | D8: 0
A9: 102.12222 | B9: EM LINHA | C9: NAO INFORMADO | D9: 0
A10: 102.6491 | B10: EM LINHA | C10: NAO INFORMADO | D10: 0
A11: 153.0 | B11: EM LINHA | C11: NAO INFORMADO | D11: 0
A12: 154.16634 | B12: EM LINHA | C12: NAO INFORMADO | D12: 0
A13: 154.16635 | B13: EM LINHA | C13: NAO INFORMADO | D13: 0
A14: 156.15496 | B14: EM LINHA | C14: NAO INFORMADO | D14: 0
A15: 156.15497 | B15: EM LINHA | C15: NAO INFORMADO | D15: 0
A16: 156.15498 | B16: EM LINHA | C16: NAO INFORMADO | D16: 0
... A788: 86383.70245 | B788: FORA DE LINHA | C788: SO GERSON | D788: 10

Sheet Paletes
A1: PALETE DOS ITENS
A2: Tabela fixa de referência — UND/PALETE extraída do texto do forro
A4: COD ITEM | B4: DESC TÉCNICA | C4: PALLET FORRO | D4: UND / PALETE
A5: 217 | B5: VOL CX ASSENTO/ENCOSTO CAD APOGEU/TESSERA C/20,585X0,370X0,430 | C5: TAM P= 4 PILHAS C/2UND= 8UND | D5: 8
A6: 73534 | B6: VOL CX ASSENTO/ENCOSTO CAD ASTRID C/2 | C6: PALETE P: 11 UND | D6: 11
A7: 73540 | B7: VOL CX ASSENTO/ENCOSTO CAD ATHENAS C/20,455X0,455X0,125 | C7: TAM P= 5 PILHAS C/10UND= 50UND | D7: 50
A8: 87626 | B8: VOL CX ASSENTO/ENCOSTO CAD LAINI C/2 0,585X0,370X0,430 | C8: TAM P= 3 PILHAS C/3UND= 9UND | D8: 9
A9: 73547 | B9: VOL CX ASSENTO/ENCOSTO CAD RAYLA C/20,590X0,375X0,432 | C9: TAM P= 4 PILHAS C/3UND= 12UND | D9: 12
A10: 85366 | B10: VOL CX ASSENTO/ENCOSTO CADEIRA LUAR C/2 0,615X0,455X0,460 | C10: TAM P= 4 PILHAS C/2UND= 8UND | D10: 8
A11: 2161 | B11: VOL CX BARRA ATHENAS CASAL 2022 1,975X0,340X0,080 | C11: TAM G= 3 PILHAS C/16UND= 48UND | D11: 48
A12: 73141 | B12: VOL CX BARRA ATHENAS SOLT 0,90 2022 1,975X0,395X0,045 | C12: TAM G= 3 PILHAS C/21UND= 63UND | D12: 63
A13: 74551 | B13: VOL CX BARRA C/LED BELICHE 0,90 OLGA 2,398X0,383X0,125 | C13: TAM G= 3 PILHAS C/8UND= 24UND | D13: 24
A14: 84938 | B14: VOL CX BARRA CAMA 0,90 LOOP 2025 2,018X0,357X0,100 | C14: TAM G= 3 PILHAS C/10UND= 30UND | D14: 30
A15: 84980 | B15: VOL CX BARRA CAMA 0,90 LOOP 2025 EXP 2,018X0,357X0,100 | C15: PALETE G=38UN | D15: 0
A16: 85651 | B16: VOL CX BARRA CAMA 1,60 FREETOWN 2025 2,075X0,345X0,110 | C16: TAM G= 3 PILHAS C/11UND= 33UND | D16: 33
... A393: 84877 | B393: VOL CX LAT GR 06 PTS LEDER 2025 2,375X0,550X0,078 | C393: PALETE G=24UN | D393: 0
